ProvinceCode,DistrictCode,SubDistrictCode,SubDistrictDesc,Zipcode
01,10100,0018,รังสิต,12116
01,10100,002,ตลาดโสมนัต,10100
01,10100,003,วัดน้อยบุญ,10101
01,10100,01,วัดโสมนัส,10100
01,10100,02,คลองมหานาค,10100
01,10100,03,บ้านบาตร,10100
01,10100,04,ป้อมปราบ,10100
01,10100,05,วัดเทพศิรินทร์,10100
01,10100,100,วัดลาบ,10100
01,10100,11,วัดบุญน้อย,10100
01,10100,112,วัด,10101
01,10100,1150,รังสิต,12115
01,10100,85,TEST,TES01
01,10101,01,สัมพันธวงศ์,10100
01,10101,02,จักรวรรดิ,10100
01,10101,03,ตลาดน้อย,10100
01,10110,01,พระโขนง,10260
01,10110,02,คลองตัน,10110
01,10110,03,คลองเตย,10110
01,10111,01,พระโขนงเหนือ,10110
01,10111,02,คลองตันเหนือ,10110
01,10111,03,คลองเตยเหนือ,10110
01,10120,01,วัดพระยาไกร,10120
01,10120,02,บางคอแหลม,10120
01,10120,03,บางโคล่,10120
01,10121,01,บางโพงพาง,10120
01,10121,02,ช่องนนทรี,10120
01,10122,01,ยานนาวา,10120
01,10122,02,ทุ่งมหาเมฆ,10120
01,10122,03,ทุ่งวัดดอน,10120
01,10140,01,ราษฎร์บูรณะ,10140
01,10140,02,บางปะกอก,10140
01,10141,01,บางมด,10140
01,10141,02,ทุ่งครุ,10140
01,10150,01,บางมด,10150
01,10150,02,จอมทอง,10150
01,10150,03,บางขุนเทียน,10150
01,10150,04,บางค้อ,10150
01,10151,01,บางบอนเหนือ,10150
01,10151,02,คลองบางพราน,10150
01,10160,01,ปากคลองภาษีเจริญ,10160
01,10160,02,คลองขวาง,10160
01,10160,03,คูหาสวรรค์,10160
01,10160,04,บางจาก,10160
01,10160,05,บางด้วน,10160
01,10160,06,บางแวก,10160
01,10160,07,บางหว้า,10160
01,10161,01,หนองค้างพลู,10160
01,10161,02,หนองแขม,10160
01,10162,01,หลักสอง,10160
01,10162,02,บางแค,10160
01,10162,03,บางแคเหนือ,10160
01,10162,04,บางไผ่,10160
01,10170,01,บางระมาด,10170
01,10170,02,คลองชักพระ,10170
01,10170,03,ฉิมพลี,10170
01,10170,04,ตลิ่งชัน,10170
01,10170,05,บางเชือกหนัง,10170
01,10170,06,บางพรม,10170
01,10171,01,ศาลาธรรมสพน์,10170
01,10171,02,ทวีวัฒนา,10170
01,10200,01,เสาชิงช้า,10200
01,10200,02,ชนะสงคราม,10200
01,10200,03,ตลาดยอด,10200
01,10200,04,บวรนิเวศ,10200
01,10200,05,บางขุนพรหม,10200
01,10200,06,บ้านพานถม,10200
01,10200,07,พระบรมมหาราชวัง,10200
01,10200,08,วังบูรพาภิรมย์,10200
01,10200,09,วัดราชบพิธ,10200
01,10200,10,วัดสามพระยา,10200
01,10200,11,ศาลเจ้าพ่อเสือ,10200
01,10200,12,สำราญราษฎร์,10200
01,10210,01,สีกัน,10210
01,10210,02,ดอนเมือง,10210
01,10210,03,สนามบิน,10210
01,10211,01,ทุ่งสองห้อง,10210
01,10211,02,ตลาดบางเขน,10210
01,10220,01,อนุสาวรีย์,10220
01,10220,02,ท่าแร้ง,10220
01,10221,01,ออเงิน,10220
01,10221,02,คลองถนน,10220
01,10221,03,สายไหม,10220
01,10230,01,รามอินทรา,10230
01,10240,01,หัวหมาก,10240
01,10240,02,คลองจั่น,10240
01,10241,01,คลองกุ่ม,10240
01,10241,02,นวลจันทร์,10240
01,10241,03,นวมินทร์,10240
01,10242,01,สะพานสูง,10240
01,10242,02,ราษฎร์พัฒนา,10240
01,10250,01,หนองบอน,10250
01,10250,02,ดอกไม้,10250
01,10250,03,ประเวศ,10250
01,10251,01,สวนหลวง,10250
01,10251,02,"อ่อนนุช ",10250
01,10251,03,พัฒนาการ,10250
01,10260,01,บางจาก,10260
01,10261,01,บางนา,10260
01,10261,02,บางนาใต้,10260
01,10300,01,สี่แยกมหานาค,10300
01,10300,02,ดุสิต,10300
01,10300,03,ถนนนครไชยศรี,10300
01,10300,04,วชิรพยาบาล,10300
01,10300,05,สวนจิตรลดา,10300
01,10310,01,ลาดพร้าว,10230
01,10310,02,จรเข้บัว,10230
01,10312,01,วังทองหลาง,10310
01,10312,02,คลองเจ้าคุณสิงห์,10310
01,10312,03,พลับพลา,10310
01,10312,04,สะพานสอง,10310
01,10320,01,ห้วยขวาง,10320
01,10320,02,บางกะปิ,10320
01,10320,03,สามเสนนอก,10320
01,10330,01,วังใหม่,10330
01,10330,02,ปทุมวัน,10330
01,10330,03,รองเมือง,10330
01,10330,04,ลุมพินี,10330
01,10400,01,สามเสนใน,10400
01,10401,01,มักกะสัน,10400
01,10401,02,ถนนพญาไท,10400
01,10401,03,ถนนเพชรบุรี,10400
01,10401,04,ทุ่งพญาไท,10400
01,10402,01,ดินแดง,10400
01,10500,01,สุริยวงศ์,10500
01,10500,02,บางรัก,10500
01,10500,03,มหาพฤฒาราม,10500
01,10500,04,สี่พระยา,10500
01,10500,05,สีลม,10500
01,10501,01,แสมดำ,10150
01,10501,02,ท่าข้าม,10150
01,10510,01,แสนแสบ,10510
01,10510,02,มีนบุรี,10510
01,10511,01,สามวาตะวันออก,10510
01,10511,02,ทรายกองดิน,10510
01,10511,03,ทรายกองดินใต้,10510
01,10511,04,บางชัน,10510
01,10511,05,สามวาตะวันตก,10510
01,10520,01,ลำปลาทิว,10520
01,10520,02,ขุมทอง,10520
01,10520,03,คลองสองต้นนุ่น,10520
01,10520,04,คลองสามประเวศ,10520
01,10520,05,ทับยาว,10520
01,10520,06,ลาดกระบัง,10520
01,10530,01,หนองจอก,10530
01,10530,02,กระทุ่มราย,10530
01,10530,03,คลองสิบ,10530
01,10530,04,คลองสิบสอง,10530
01,10530,05,คู้ฝั่งเหนือ,10530
01,10530,06,โคกแฝด,10530
01,10530,07,ลำต้อยติ่ง,10530
01,10530,08,ลำผักชี,10530
01,10600,01,วัดอรุณ,10600
01,10600,02,วัดท่าพระ,10600
01,10601,01,สมเด็จเจ้าพระยา,10600
01,10601,02,คลองต้นไทร,10600
01,10601,03,คลองสาน,10600
01,10601,04,บางลำภูล่าง,10600
01,10601,05,ตลาดพลู,10600
01,10602,01,หิรัญรูจี,10600
01,10602,02,ดาวคะนอง,10600
01,10602,03,ตลาดพลู,10600
01,10602,04,บางยี่เรือ,10600
01,10602,05,บุคคโล,10600
01,10602,06,วัดกัลยาณ์,10600
01,10602,07,สำเหร่,10600
01,10602,08,คลองสาน,10600
01,10700,01,อรุณอมรินทร์,10700
01,10700,02,บางขุนนนท์,10700
01,10700,03,บางขุนศรี,10700
01,10700,04,บ้านช่างหล่อ,10700
01,10700,05,ศิริราช,10700
01,10701,01,บางอ้อ,10700
01,10701,02,บางบำหรุ,10700
01,10701,03,บางพลัด,10700
01,10701,04,บางยี่ขัน,10700
01,10800,01,บางซื่อ,10800
01,10800,02,วงศ์สว่าง,10800
01,10900,01,เสนานิคม,10900
01,10900,02,จตุจักร,10900
01,10900,03,จอมพล,10900
01,10900,04,จันทรเกษม,10900
01,10900,05,ลาดยาว,10900
02,10130,01,บางหญ้าแพรก,10130
02,10130,02,ตลาด,10130
02,10130,03,ทรงคนอง,10130
02,10130,04,บางกระสอบ,10130
02,10130,05,บางกอบัว,10130
02,10130,06,บางกะเจ้า,10130
02,10130,07,บางครุ,10130
02,10130,08,บางน้ำผึ้ง,10130
02,10130,09,บางยอ,10130
02,10130,10,บางจาก,10130
02,10130,11,บางพึ่ง,10130
02,10130,12,บางหัวเสือ,10310
02,10130,13,สำโรง,10130
02,10130,14,สำโรงกลาง,10310
02,10270,01,สำโรงเหนือ,10270
02,10270,02,ท้ายบ้าน,10280
02,10270,03,ท้ายบ้านใหม่,10280
02,10270,04,เทพารักษ์,10270
02,10270,05,บางด้วน,10270
02,10270,06,บางปู,10270
02,10270,07,บางปูใหม่,10270
02,10270,08,บางโปรง,10270
02,10270,09,บางเมือง,10270
02,10270,10,บางเมืองใหม่,10270
02,10270,11,ปากน้ำ,10270
02,10270,12,แพรกษา,10280
02,10270,13,แพรกษาใหม่,10270
02,10290,01,แหลมฟ้าผ่า,10290
02,10290,02,นาเกลือ,10290
02,10290,03,ในคลองบางปลากด,10290
02,10290,04,บ้านคลองสวน,10290
02,10290,05,ปากคลองบางปลากด,10290
02,10540,01,หนองปรือ,10540
02,10540,02,บางแก้ว,10540
02,10540,03,บางโฉลง,10540
02,10540,04,บางปลา,10540
02,10540,05,บางพลีใหญ่,10540
02,10540,06,ราชาเทวะ,10540
02,10541,01,ศีรษะจรเข้ใหญ่,10540
02,10541,02,บางเสาธง,10540
02,10541,03,ศีรษะจรเข้น้อย,10540
02,10560,01,เปร็ง,10560
02,10560,02,คลองด่าน,10560
02,10560,03,คลองนิยมยาตรา,10560
02,10560,04,คลองสวน,10560
02,10560,05,บางบ่อ,10560
02,10560,06,บางพลีน้อย,10560
02,10560,07,บางเพรียง,10560
02,10560,08,บ้านระกาศ,10560
03,11000,01,สวนใหญ่,11000
03,11000,02,ตลาดขวัญ,11000
03,11000,03,ท่าทราย,11000
03,11000,05,ไทรม้า,11000
03,11000,06,บางกระสอ,11000
03,11000,07,บางกร่าง,11000
03,11000,08,บางเขน,11000
03,11000,09,บางไผ่,11000
03,11000,10,บางรักน้อย,11000
03,11000,11,บางศรีเมือง,11000
03,11110,01,โสนลอย,11110
03,11110,02,บางคูรัด,11110
03,11110,03,บางบัวทอง,11110
03,11110,04,บางรักพัฒนา,11110
03,11110,05,บางรักใหญ่,11110
03,11110,06,พิมลราช,11110
03,11110,07,ละหาร,11110
03,11110,08,ลำโพ,11110
03,11120,01,อ้อมเกร็ด,11120
03,11120,02,เกาะเกร็ด,11120
03,11120,03,คลองเกลือ,11120
03,11120,04,คลองข่อย,11120
03,11120,05,คลองพระอุดม,11120
03,11120,06,ท่าอิฐ,11120
03,11120,07,บางตลาด,11120
03,11120,08,บางตะไนย์,11120
03,11120,09,บางพลับ,11120
03,11120,10,บางพูด,11120
03,11120,11,บ้านใหม่,11120
03,11120,12,ปากเกร็ด,11120
03,11130,01,ศาลากลาง,11130
03,11130,02,บางกรวย,11130
03,11130,03,บางขนุน,11130
03,11130,04,บางขุนกอง,11130
03,11130,05,บางคูเวียง,11130
03,11130,06,บางสีทอง,11130
03,11130,07,ปลายบาง,11130
03,11130,08,มหาสวัสดิ์,11130
03,11130,09,วัดชลอ,11130
03,11140,01,เสาธงหิน,11140
03,11140,02,บางม่วง,11140
03,11140,03,บางแม่นาง,11140
03,11140,04,บางเลน,11140
03,11140,05,บางใหญ่,11140
03,11140,06,บ้านใหม่,11140
03,11150,01,หนองเพรางาย,11150
03,11150,02,ขุนศรี,11150
03,11150,03,คลองขวาง,11150
03,11150,04,ทวีวัฒนา,11150
03,11150,05,ไทรน้อย,11150
03,11150,06,ไทรใหญ่,11150
03,11150,07,ราษฎร์นิยม,11150
04,12000,01,หลักหก,12000
04,12000,02,บางกะดี,12000
04,12000,03,บางขะแยง,12000
04,12000,04,บางคูวัด,12000
04,12000,05,บางเดื่อ,12000
04,12000,06,บางปรอก,12000
04,12000,07,บางพูด,12000
04,12000,08,บางพูน,12000
04,12000,09,บางหลวง,12000
04,12000,10,บ้านกระแชง,12000
04,12000,11,บ้านกลาง,12000
04,12000,12,บ้านฉาง,12000
04,12000,13,บ้านใหม่,12000
04,12000,14,สวนพริกไทย,12000
04,12110,01,ลำผักกูด,12110
04,12110,02,บึงน้ำรักษ์,12110
04,12110,03,บึงยี่โถ,12110
04,12110,04,บึงสนั่น,12110
04,12110,05,ประชาธิปัตย์,12130
04,12110,06,รังสิต,12110
04,12110,07,รังสิต-นครนายก,12110
04,12110,5651,รังสิต,12119
04,12120,01,คลองห้า,12120
04,12120,02,คลองเจ็ด,12120
04,12120,03,คลองสอง,12120
04,12120,04,คลองสาม,12120
04,12120,05,คลองสี่,12120
04,12120,06,คลองหก,12120
04,12120,07,คลองหนึ่ง,12120
04,12140,01,หน้าไม้,12140
04,12140,02,คลองพระอุดม,12140
04,12140,03,คูขวาง,12140
04,12140,04,คูบางหลวง,12140
04,12140,05,บ่อเงิน,12140
04,12140,06,ระแหง,12140
04,12140,07,ลาดหลุมแก้ว,12140
04,12150,01,ลำลูกกา,12150
04,12150,02,คูคต,12150
04,12150,03,บึงคอไห,12150
04,12150,04,บึงคำพร้อย,12150
04,12150,05,บึงทองหลาง,12150
04,12150,06,พืชอุดม,12150
04,12150,07,ลาดสวาย,12150
04,12150,08,ลำไทร,12150
04,12160,01,สามโคก,12160
04,12160,02,กระแชง,12160
04,12160,03,คลองควาย,12160
04,12160,04,เชียงรากน้อย,12160
04,12160,05,เชียงรากใหญ่,12160
04,12160,06,ท้ายเกาะ,12160
04,12160,07,บางกระบือ,12160
04,12160,08,บางเตย,12160
04,12160,09,บางโพธิ์เหนือ,12160
04,12160,10,บ้านงิ้ว,12160
04,12160,11,บ้านปทุม,12160
04,12170,01,หนองสามวัง,12170
04,12170,02,นพรัตน์,12170
04,12170,03,บึงกาสาม,12170
04,12170,04,บึงชำอ้อ,12170
04,12170,05,บึงบอน,12170
04,12170,06,บึงบา,12170
04,12170,07,ศาลาครุ,12170
05,13000,01,หัวรอ,13000
05,13000,02,กะมัง,13000
05,13000,03,เกาะเรียน,13000
05,13000,04,คลองตะเคียน,13000
05,13000,05,คลองสระบัว,13000
05,13000,06,คลองสวนพลู,13000
05,13000,07,ท่าวาสุกรี,13000
05,13000,08,บ้านเกาะ,13000
05,13000,09,บ้านป้อม,13000
05,13000,10,บ้านรุม,13000
05,13000,11,บ้านใหม่,13000
05,13000,12,ประตูชัย,13000
05,13000,13,ปากกราน,13000
05,13000,14,ไผ่ลิง,13000
05,13000,15,ภูเขาทอง,13000
05,13000,16,ลุมพลี,13000
05,13000,17,วัดตูม,13000
05,13000,18,สวนพริก,13000
05,13000,19,สำเภาล่ม,13000
05,13000,20,หอรัตนไชย,13000
05,13000,21,หันตรา,13000
05,13110,01,หัวเวียง,13110
05,13110,02,เจ้าเจ็ด,13110
05,13110,03,เจ้าเสด็จ,13110
05,13110,04,ชายนา,13110
05,13110,05,ดอนทอง,13110
05,13110,06,บางนมโค,13110
05,13110,07,บ้านกระทุ่ม,13110
05,13110,08,บ้านแถว,13110
05,13110,09,บ้านแพน,13110
05,13110,10,บ้านโพธิ์,13110
05,13110,11,บ้านหลวง,13110
05,13110,12,มารวิชัย,13110
05,13110,13,รางจรเข้,13110
05,13110,14,ลาดงา,13110
05,13110,15,สามกอ,13110
05,13110,16,สามตุ่ม,13110
05,13110,17,เสนา,13110
05,13120,01,อมฤต,13120
05,13120,02,กุฎี,13120
05,13120,03,โคกช้าง,13120
05,13120,04,จักราช,13120
05,13120,05,ดอนลาน,13120
05,13120,06,ตาลาน,13120
05,13120,07,ท่าดินแดง,13120
05,13120,08,นาคู,13120
05,13120,09,บ้านแค,13120
05,13120,10,บ้านใหญ่,13120
05,13120,11,ผักไห่,13120
05,13120,12,ลาดชิด,13120
05,13120,13,ลาดน้ำเค็ม,13120
05,13120,14,ลำตะเคียน,13120
05,13120,15,หนองน้ำใหญ่,13120
05,13120,16,หน้าโคก,13120
05,13130,01,หนองขนาก,13130
05,13130,02,จำปา,13130
05,13130,03,ท่าเจ้าสนุก,13130
05,13130,04,ท่าเรือ,13130
05,13130,05,ท่าหลวง,13130
05,13130,06,บ้านร่อม,13130
05,13130,07,ปากท่า,13130
05,13130,08,โพธิ์เอน,13130
05,13130,09,วังแดง,13130
05,13130,10,ศาลาลอย,13130
05,13140,01,หนองน้ำใส,13140
05,13140,02,กระจิว,13140
05,13140,03,โคกม่วง,13140
05,13140,04,ดอนหญ้านาง,13140
05,13140,05,ไผ่ล้อม,13140
05,13140,06,พระแก้ว,13140
05,13140,07,ภาชี,13140
05,13140,08,ระโสม,13140
05,13150,01,หัวไผ่,13150
05,13150,02,กะทุ่ม,13150
05,13150,03,เจ้าปลุก,13150
05,13150,04,ท่าตอ,13150
05,13150,05,น้ำเต้า,13150
05,13150,06,บางนา,13150
05,13150,07,บ้านขวาง,13150
05,13150,08,บ้านนา,13150
05,13150,09,บ้านใหม่,13150
05,13150,10,พิตเพียน,13150
05,13150,11,มหาราช,13150
05,13150,12,โรงช้าง,13150
05,13160,01,สามเรือน,13160
05,13160,02,เกาะเกิด,13160
05,13160,03,ขนอนหลวง,13160
05,13160,04,คลองจิก,13160
05,13160,05,คุ้งลาน,13160
05,13160,06,เชียงรากน้อย,13160
05,13160,07,ตลาดเกรียบ,13160
05,13160,08,ตลิ่งชัน,13160
05,13160,09,บางกระสั้น,13160
05,13160,10,บางประแดง,13160
05,13160,11,บ้านกรด,13160
05,13160,12,บ้านแป้ง,13160
05,13160,13,บ้านพลับ,13160
05,13160,14,บ้านโพ,13160
05,13160,15,บ้านเลน,13160
05,13160,16,บ้านสร้าง,13160
05,13160,17,บ้านหว้า,13160
05,13160,18,วัดยม,13160
05,13170,01,หันตะเภา,13170
05,13170,02,ข้าวงาม,13170
05,13170,03,ชะแมบ,13170
05,13170,04,บ่อตาโล่,13170
05,13170,05,พยอม,13170
05,13170,06,ลำตาเสา,13170
05,13170,07,ลำไทร,13170
05,13170,08,วังจุฬา,13170
05,13170,09,วังน้อย,13170
05,13170,10,สนับทึบ,13170
05,13190,01,ห่อหมก,13190
05,13190,02,กกแก้วบูรพา,13190
05,13190,03,กระแชง,13190
05,13190,04,แคตก,13190
05,13190,05,แคออก,13190
05,13190,06,โคกช้าง,13190
05,13190,07,ช้างน้อย,13190
05,13190,08,ช่างเหล็ก,13190
05,13190,09,ช้างใหญ่,13190
05,13190,10,เชียงรากน้อย,13190
05,13190,11,บ้างกลึง,13190
05,13190,12,บางไทร,13190
05,13190,13,บางพลี,13190
05,13190,14,บางยี่โท,13190
05,13190,15,บ้านเกาะ,13190
05,13190,16,บ้านแป้ง,13190
05,13190,17,บ้านม้า,13190
05,13190,18,ไผ่พระ,13190
05,13190,19,โพแตง,13190
05,13190,20,ไม้ตรา,13190
05,13190,21,ราชคราม,13190
05,13190,22,สนามชัย,13190
05,13190,23,หน้าไม้,13190
05,13210,01,อุทัย,13210
05,13210,02,ข้าวเม่า,13210
05,13210,03,คานหาม,13210
05,13210,04,ธนู,13210
05,13210,05,บ้านช้าง,13210
05,13210,06,บ้านหีบ,13210
05,13210,07,โพสาวหาญ,13210
05,13210,08,สามบัณฑิต,13210
05,13210,09,เสนา,13210
05,13210,10,หนองน้ำส้ม,13210
05,13210,11,หนองไม้ซุง,13210
05,13220,01,หันสัง,13220
05,13220,02,ขยาย,13220
05,13220,03,ขวัญเมือง,13220
05,13220,04,ตานิม,13220
05,13220,05,ตาลเอน,13220
05,13220,06,ทับน้ำ,13220
05,13220,07,ทางกลาง,13220
05,13220,08,บางเดื่อ,13220
05,13220,09,บางนางร้า,13220
05,13220,10,บางปะหัน,13220
05,13220,11,บางเพลิง,13220
05,13220,12,บ้านขล้อ,13220
05,13220,13,บ้านม้า,13220
05,13220,14,บ้านลี่,13220
05,13220,15,พุทเลา,13220
05,13220,16,โพธิ์สามต้น,13220
05,13220,17,เสาธง,13220
05,13230,01,หลักชัย,13230
05,13230,02,คลองพระยาบันลือ,13230
05,13230,03,คู้สลอด,13230
05,13230,04,พระยาบันลือ,13230
05,13230,05,ลาดบัวหลวง,13230
05,13230,06,สามเมือง,13230
05,13230,07,สิงหนาท,13230
05,13240,01,สำพะเนียง,13240
05,13240,02,คลองน้อย,13240
05,13240,03,บ้านแพรก,13240
05,13240,04,บ้านใหม่,13240
05,13240,05,สองห้อง,13240
05,13250,01,สะพานไทย,13250
05,13250,02,กบเจา,13250
05,13250,03,ทางช้าง,13250
05,13250,04,ไทรน้อย,13250
05,13250,05,น้ำเต้า,13250
05,13250,06,บางชะนี,13250
05,13250,07,บางบาล,13250
05,13250,08,บางหลวง,13250
05,13250,09,บางหลวงโดด,13250
05,13250,10,บางหัก,13250
05,13250,11,บ้านกุ่ม,13250
05,13250,12,บ้านคลัง,13250
05,13250,13,พระขาว,13250
05,13250,14,มหาพราหมณ์,13250
05,13250,15,วัดตะกู,13250
05,13250,16,วัดยม,13250
05,13260,01,หนองปลิง,13260
05,13260,02,คลองสะแก,13260
05,13260,03,ท่าช้าง,13260
05,13260,04,นครหลวง,13260
05,13260,05,บ่อโพง,13260
05,13260,06,บางพระครู,13260
05,13260,07,บางระกำ,13260
05,13260,08,บ้านชุ้ง,13260
05,13260,09,ปากจั่น,13260
05,13260,10,พระนอน,13260
05,13260,11,แม่ลา,13260
05,13260,12,สามไถ,13260
05,13270,01,วังพัฒนา,13270
05,13270,02,แก้วฟ้า,13270
05,13270,03,เต่าเล่า,13270
05,13270,04,เทพมงคล,13270
05,13270,05,บางซ้าย,13270
05,13270,06,ปลายกลัด,13270
06,14000,01,หัวไผ่,14000
06,14000,02,คลองวัว,14000
06,14000,03,จำปาหล่อ,14000
06,14000,04,ตลาดกรวด,14000
06,14000,05,ตลาดหลวง,14000
06,14000,06,บางแก้ว,14000
06,14000,07,บ้านรี,14000
06,14000,08,บ้านแห,14000
06,14000,09,บ้านอิฐ,14000
06,14000,10,ป่างิ้ว,14000
06,14000,11,โพสะ,14000
06,14000,12,มหาดไทย,14000
06,14000,13,ย่านซื่อ,14000
06,14000,14,ศาลาแดง,14000
06,14110,01,หัวตะพาน,14110
06,14110,02,คลองขนาก,14110
06,14110,03,ตลาดใหม่,14110
06,14110,04,ท่าช้าง,14110
06,14110,05,บางจัก,14110
06,14110,06,ไผ่จำศีล,14110
06,14110,07,ไผ่ดำพัฒนา,14110
06,14110,08,ไผ่วง,14110
06,14110,09,ม่วงเตี้ย,14110
06,14110,10,ยี่ล้น,14110
06,14110,11,ศาลเจ้าโรงทอง,14110
06,14110,12,สาวร้องไห้,14110
06,14110,13,สี่ร้อย,14110
06,14110,14,หลักแก้ว,14110
06,14110,15,ห้วยคันแหลน,14110
06,14120,01,อินทประมูล,14120
06,14120,02,คำหยาด,14120
06,14120,03,โคกพุทรา,14120
06,14120,04,ทางพระ,14120
06,14120,05,บ่อแร่,14120
06,14120,06,บางเจ้าฉ่า,14120
06,14120,07,บางพลับ,14120
06,14120,08,บางระกำ,14120
06,14120,09,โพธิ์รังนก,14120
06,14120,10,ยางซ้าย,14120
06,14120,11,รำมะสัก,14120
06,14120,12,สามง่าม,14120
06,14120,13,หนองแม่ไก่,14120
06,14120,14,องครักษ์,14120
06,14120,15,อ่างแก้ว,14120
06,14130,01,เอกราช,14130
06,14130,02,นรสิงห์,14130
06,14130,03,บางปลากด,14130
06,14130,04,บางเสด็จ,14130
06,14130,05,ป่าโมก,14130
06,14130,06,โผงเผง,14130
06,14130,07,โรงช้าง,14130
06,14130,08,สายทอง,14130
06,14140,01,หลักฟ้า,14140
06,14140,02,จรเข้ร้อง,14140
06,14140,03,ชะไว,14140
06,14140,04,ชัยฤทธิ์,14140
06,14140,05,ไชยภูมิ,14140
06,14140,06,ไชโย,14140
06,14140,07,ตรีณรงค์,14140
06,14140,08,เทวราช,14140
06,14140,09,ราชสถิตย์,14140
06,14150,01,ห้วยไผ่,14150
06,14150,02,จำลอง,14150
06,14150,03,บ้านพราน,14150
06,14150,04,วังน้ำเย็น,14150
06,14150,05,ศรีพราน,14150
06,14150,06,สีบัวทอง,14150
06,14150,07,แสวงหา,14150
06,14160,01,อบทม,14160
06,14160,02,โพธิ์ม่วงพันธ์,14160
06,14160,03,มงคลธรรมนิมิต,14160
06,14160,04,ราษฎรพัฒนา,14160
06,14160,05,สามโก้,14160
07,15000,01,สี่คลอง,15000
07,15000,02,กกโก,15000
07,15000,03,โก่งธนู,15000
07,15000,04,เขาพระงาม,15000
07,15000,05,เขาสามยอด,15000
07,15000,06,โคกกระเทียม,15000
07,15000,07,โคกตูม,15000
07,15000,08,โคกลำพาน,15000
07,15000,09,งิ้วราย,15000
07,15000,10,ดอนโพธิ์,15000
07,15000,11,ตะลุง,15000
07,15000,12,ถนนใหญ่,15000
07,15000,13,ทะเลชุบศร,15000
07,15000,14,ท่าแค,15000
07,15000,15,ท้ายตลาด,15000
07,15000,16,ท่าศาลา,15000
07,15000,17,ท่าหิน,15000
07,15000,18,นิคมสร้างตนเอง,15000
07,15000,19,บางขันหมาก,15000
07,15000,20,บ้านข่อย,15000
07,15000,21,ป่าตาล,15000
07,15000,22,พรหมมาสตร์,15000
07,15000,23,โพธิ์เก้าต้น,15000
07,15000,24,โพธิ์ตรุ,15000
07,15110,01,หินปัก,15110
07,15110,02,ชอนม่วง,15110
07,15110,03,เชียงงา,15110
07,15110,04,ดงพลับ,15110
07,15110,05,ดอนดึง,15110
07,15110,06,บางกะพี้,15110
07,15110,07,บางขาม,15110
07,15110,08,บางพึ่ง,15110
07,15110,09,บ้านกล้วย,15110
07,15110,10,บ้านชี,15110
07,15110,11,บ้านทราย,15110
07,15110,12,บ้านหมี่,15110
07,15110,13,ไผ่ใหญ่,15110
07,15110,14,พุคา,15110
07,15110,15,โพนทอง,15110
07,15110,16,มหาสอน,15110
07,15110,17,สนามแจง,15110
07,15110,18,สายห้วยแก้ว,15110
07,15110,19,หนองกระเบียน,15110
07,15110,20,หนองเต่า,15110
07,15110,21,หนองทรายขาว,15110
07,15110,22,หนองเมือง,15110
07,15120,01,ห้วยโป่ง,15120
07,15120,02,เกาะแก้ว,15120
07,15120,03,คลองเกตุ,15120
07,15120,04,โคกสำโรง,15120
07,15120,05,ดงมะรุม,15120
07,15120,06,ถลุงเหล็ก,15120
07,15120,07,เพนียด,15120
07,15120,08,วังขอนขว้าง,15120
07,15120,09,วังจั่น,15120
07,15120,10,วังเพลิง,15120
07,15120,11,สะแกราบ,15120
07,15120,12,หนองแขม,15120
07,15120,13,หลุมข้าว,15120
07,15130,01,ห้วยหิน,15130
07,15130,02,เกาะรัง,15130
07,15130,03,เขาแหลม,15130
07,15130,04,ชัยนารายณ์,15130
07,15130,05,ชัยบาดาล,15130
07,15130,06,ซับตะเคียน,15130
07,15130,07,ท่าดินดำ,15130
07,15130,08,ท่ามะนาว,15130
07,15130,09,นาโสม,15130
07,15130,10,นิคมลำนารายณ์,15130
07,15130,11,บัวชุม,15130
07,15130,12,บ้านใหม่สามัคคี,15130
07,15130,13,ม่วงค่อม,15130
07,15130,14,มะกอกหวาน,15130
07,15130,15,ลำนารายณ์,15130
07,15130,16,ศิลาทิพย์,15130
07,15130,17,หนองยายโต๊ะ,15130
07,15140,01,ห้วยขุนราม,15140
07,15140,02,โคกสลุง,15140
07,15140,03,ช่องสาริกา,15140
07,15140,04,ชอนน้อย,15140
07,15140,05,ดีลัง,15140
07,15140,06,น้ำสุด,15140
07,15140,07,พัฒนานิคม,15140
07,15140,08,มะนาวหวาน,15140
07,15140,09,หนองบัว,15140
07,15150,01,หัวสำโรง,15150
07,15150,02,เขาสมอคอน,15150
07,15150,03,โคกสลุด,15150
07,15150,04,ท่าวุ้ง,15150
07,15150,05,บางคู้,15150
07,15150,06,บางงา,15150
07,15150,07,บางลี่,15150
07,15150,08,บ้านเบิก,15150
07,15150,09,โพตลาดแก้ว,15150
07,15150,10,มุจลินท์,15150
07,15150,11,ลาดสาลี,15150
07,15170,01,หนองม่วง,15170
07,15170,02,ชอนสมบูรณ์,15170
07,15170,03,ชอนสารเดช,15170
07,15170,04,ดงดินแดง,15170
07,15170,05,บ่อทอง,15170
07,15170,06,ยางโทน,15170
07,15190,01,หนองรี,15190
07,15190,02,กุดตาเพชร,15190
07,15190,03,เขาน้อย,15190
07,15190,04,เขารวก,15190
07,15190,05,ซับสมบูรณ์,15190
07,15190,06,ลำสนธิ,15190
07,15230,01,หัวลำ,15230
07,15230,02,แก่งผักกูด,15230
07,15230,03,ซับจำปา,15230
07,15230,04,ทะเลวังวัด,15230
07,15230,05,ท่าหลวง,15230
07,15230,06,หนองผักแว่น,15230
07,15240,01,ห้วยใหญ่,15240
07,15240,02,ทุ่งท่าช้าง,15240
07,15240,03,นิยมชัย,15240
07,15240,04,มหาโพธิ,15240
07,15240,05,สระโบสถ์,15240
07,15250,01,หนองมะค่า,15250
07,15250,02,โคกเจริญ,15250
07,15250,03,โคกแสมสาร,15250
07,15250,04,ยางราก,15250
07,15250,05,วังทอง,15250
08,16000,01,หัวไผ่,16000
08,16000,02,จักรสีห์,16000
08,16000,03,ต้นโพธิ์,16000
08,16000,04,บางกระบือ,16000
08,16000,05,บางพุทรา,16000
08,16000,06,บางมัญ,16000
08,16000,07,โพกรวม,16000
08,16000,08,ม่วงหมู่,16000
08,16110,01,อินทร์บุรี,16110
08,16110,02,งิ้วราย,16110
08,16110,03,ชีน้ำร้าย,16110
08,16110,04,ทองเอน,16110
08,16110,05,ทับยา,16110
08,16110,06,ท่างาม,16110
08,16110,07,น้ำตาล,16110
08,16110,08,ประศุก,16110
08,16110,09,โพธิ์ชัย,16110
08,16110,10,ห้วยชัน,16110
08,16120,01,หัวป่า,16120
08,16120,02,บางน้ำเชี่ยว,16120
08,16120,03,บ้านแป้ง,16120
08,16120,04,บ้านหม้อ,16120
08,16120,05,พรหมบุรี,16120
08,16120,06,พระงาม,16120
08,16120,07,โรงช้าง,16120
08,16130,01,สิงห์,16130
08,16130,02,เชิงกลัด,16130
08,16130,03,บ้านจ่า,16130
08,16130,04,พักทัน,16130
08,16130,05,โพชนไก่,16130
08,16130,06,แม่ลา,16130
08,16130,07,ไม้ดัด,16130
08,16130,08,สระแจง,16130
08,16140,01,วิหารขาว,16140
08,16140,02,ถอนสมอ,16140
08,16140,03,พิกุลทอง,16140
08,16140,04,โพประจักษ์,16140
08,16150,01,หนองกระทุ่ม,16150
08,16150,02,คอทราย,16150
08,16150,03,ท่าข้าม,16150
08,16150,04,บางระจัน,16150
08,16150,05,โพทะเล,16150
08,16150,06,โพสังโฆ,16150
09,17000,01,หาดท่าเสา,17000
09,17000,02,เขาท่าพระ,17000
09,17000,03,ชัยนาท,17000
09,17000,04,ท่าชัย,17000
09,17000,05,ธรรมามูล,17000
09,17000,06,นางลือ,17000
09,17000,07,ในเมือง,17000
09,17000,08,บ้านกล้วย,17000
09,17000,09,เสือโฮก,17000
09,17110,01,อู่ตะเภา,17110
09,17110,02,คุ้งสำเภา,17110
09,17110,03,ท่าฉนวน,17110
09,17110,04,ไร่พัฒนา,17110
09,17110,05,วัดโคก,17110
09,17110,06,ศิลาดาน,17110
09,17110,07,หางน้ำสาคร,17110
09,17120,01,หนองบัว,17120
09,17120,02,บ่อแร่,17120
09,17120,03,มะขามเฒ่า,17120
09,17120,04,วังหมัน,17120
09,17120,05,วัดสิงห์,17120
09,17120,06,หนองขุ่น,17120
09,17120,07,หนองน้อย,17120
09,17121,01,หนองมะโมง,17120
09,17121,02,กุดจอก,17120
09,17121,03,วังตะเคียน,17120
09,17121,04,สะพานหิน,17120
09,17130,01,หันคา,17130
09,17130,02,เด่นใหญ่,17130
09,17130,03,บ้านเชี่ยน,17130
09,17130,04,ไพรนกยูง,17130
09,17130,05,วังไก่เถื่อน,17130
09,17130,06,สามง่ามท่าโบสถ์,17130
09,17130,07,หนองแซง,17130
09,17130,08,ห้วยงู,17130
09,17131,01,สุขเดือนห้า,17130
09,17131,02,กะบกเตี้ย,17130
09,17131,03,เนินขาม,17130
09,17140,01,ห้วยกรดพัฒนา,17140
09,17140,02,ดงคอน,17140
09,17140,03,ดอนกำ,17140
09,17140,04,เที่ยงแท้,17140
09,17140,05,บางขุด,17140
09,17140,06,แพรกศรีราชา,17140
09,17140,07,โพงาม,17140
09,17140,08,ห้วยกรด,17140
09,17150,01,หาดอาษา,17150
09,17150,02,เขาแก้ว,17150
09,17150,03,ตลุก,17150
09,17150,04,บางหลวง,17150
09,17150,05,โพนางดำตก,17150
09,17150,06,โพนางดำออก,17150
09,17150,07,สรรพยา,17150
10,18000,01,หนองยาว,18000
10,18000,02,กุดนกเปล้า,18000
10,18000,03,โคกสว่าง,18000
10,18000,04,ดาวเรือง,18000
10,18000,05,ตลิ่งชัน,18000
10,18000,06,ตะกุด,18000
10,18000,07,นาโฉง,18000
10,18000,08,ปากข้าวสาร,18000
10,18000,09,ปากเพรียว,18000
10,18000,10,หนองโน,18000
10,18000,11,หนองปลาไหล,18000
10,18001,01,ห้วยบง,18000
10,18001,02,เขาดินพัฒนา,18000
10,18001,03,บ้านแก้ง,18000
10,18001,04,ผึ้งรวง,18000
10,18001,05,พุแค,18000
10,18001,06,หน้าพระลาน,18000
10,18110,01,หินซ้อน,18110
10,18110,02,แก่งคอย,18110
10,18110,03,ชะอม,18110
10,18110,04,ชำผักแพว,18110
10,18110,05,ตาลเดี่ยว,18110
10,18110,06,เตาปูน,18110
10,18110,07,ทับกวาง,18110
10,18110,08,ท่าคล้อ,18110
10,18110,09,ท่าตูม,18110
10,18110,10,ท่ามะปราง,18110
10,18110,11,บ้านธาตุ,18110
10,18110,12,บ้านป่า,18110
10,18110,13,สองคอน,18110
10,18110,14,ห้วยแห้ง,18110
10,18120,01,ห้วยป่าหวาย,18120
10,18120,02,ขุนโขลน,18120
10,18120,03,เขาวง,18120
10,18120,04,ธารเกษม,18120
10,18120,05,นายาว,18120
10,18120,06,พระพุทธบาท,18120
10,18120,07,พุกร่าง,18120
10,18120,08,พุคำจาน,18120
10,18120,09,หนองแก,18120
10,18130,01,หรเทพ,18130
10,18130,02,โคกใหญ่,18130
10,18130,03,ตลาดน้อย,18130
10,18130,04,บางโขมด,18130
10,18130,05,บ้านครัว,18130
10,18130,06,บ้านหมอ,18130
10,18130,07,ไผ่ขวาง,18130
10,18130,08,สร้างโศก,18130
10,18130,09,หนองบัว,18130
10,18140,01,ห้วยทราย,18140
10,18140,02,กุ่มหัก,18140
10,18140,03,คชสิทธิ์,18140
10,18140,04,โคกตูม,18140
10,18140,05,โคกแย้,18140
10,18140,06,บัวลอย,18140
10,18140,07,ไผ่ต่ำ,18140
10,18140,08,โพนทอง,18140
10,18140,09,หนองแขม,18140
10,18140,10,หนองไข่น้ำ,18140
10,18140,11,หนองแค,18140
10,18140,12,หนองจรเข้,18140
10,18140,13,หนองจิก,18140
10,18140,14,หนองนาก,18140
10,18140,15,หนองปลาหมอ,18140
10,18140,16,หนองปลิง,18140
10,18140,17,หนองโรง,18140
10,18140,18,ห้วยขมิ้น,18140
10,18150,01,หนองหมู,18150
10,18150,02,คลองเรือ,18150
10,18150,03,เจริญธรรม,18150
10,18150,04,บ้านลำ,18150
10,18150,05,วิหารแดง,18150
10,18150,06,หนองสรวง,18150
10,18160,01,หัวปลวก,18160
10,18160,02,งิ้วงาม,18160
10,18160,03,ต้นตาล,18160
10,18160,04,ท่าช้าง,18160
10,18160,05,บ้านยาง,18160
10,18160,06,พระยาทด,18160
10,18160,07,ม่วงงาม,18160
10,18160,08,เมืองเก่า,18160
10,18160,09,เริงราง,18160
10,18160,10,ศาลารีไทย,18160
10,18160,11,สวนดอกไม้,18160
10,18160,12,เสาไห้,18160
10,18170,01,หนองหัวโพ,18170
10,18170,02,ไก่เส่า,18170
10,18170,03,เขาดิน,18170
10,18170,04,โคกสะอาด,18170
10,18170,05,ม่วงหวาน,18170
10,18170,06,หนองกบ,18170
10,18170,07,หนองควายโซ,18170
10,18170,08,หนองแซง,18170
10,18170,09,หนองสีดา,18170
10,18180,01,หนองย่างเสือ,18180
10,18180,02,ซับสนุ่น,18180
10,18180,03,มวกเหล็ก,18180
10,18180,04,มิตรภาพ,18180
10,18180,05,ลำพญากลาง,18180
10,18180,06,ลำสมพุง,18180
10,18190,01,หนองโดน,18190
10,18190,02,ดอนทอง,18190
10,18190,03,บ้านกลับ,18190
10,18190,04,บ้านโปร่ง,18190
10,18210,01,ไผ่หลิ่ว,18210
10,18210,02,ดงตะงาว,18210
10,18210,03,ดอนพุด,18210
10,18210,04,บ้านหลวง,18210
10,18220,01,แสลงพัน,18220
10,18220,02,คำพราน,18220
10,18220,03,วังม่วง,18220
11,20000,01,อ่างศิลา,20000
11,20000,02,คลองตำหรุ,20000
11,20000,03,ดอนหัวฬอ,20000
11,20000,04,เทศบาลเมืองชลบุรี,20000
11,20000,05,นาป่า,20000
11,20000,06,บางทราย,20000
11,20000,07,บ้านปึก,20000
11,20000,08,บ้านสวน,20000
11,20000,09,สำนักบก,20000
11,20000,10,เสม็ด,20000
11,20000,11,แสนสุข,20000
11,20000,12,หนองข้างคอก,20000
11,20000,13,หนองไม้แดง,20000
11,20000,14,หนองรี,20000
11,20000,15,ห้วยกะปิ,20000
11,20000,16,เหมือง,20000
11,20000,17,บางปลาสร้อย,20000
11,20000,18,บ้านโขด,20000
11,20110,01,หนองขาม,20110
11,20110,02,เขาคันทรง,20110
11,20110,03,ทุ่งสุขลา,20110
11,20110,04,บ่อวิน,20110
11,20110,05,บางพระ,20110
11,20110,06,บึง,20110
11,20110,07,ศรีราชา,20110
11,20110,08,สุรศักดิ์,20110
11,20120,01,ท่าเทววงษ์,20120
11,20140,01,หัวถนน,20140
11,20140,02,กุฎโง้ง,20140
11,20140,03,โคกเพลาะ,20140
11,20140,04,ท่าข้าม,20140
11,20140,05,ทุ่งขวาง,20140
11,20140,06,นามะตูม,20140
11,20140,07,นาเริก,20140
11,20140,08,นาวังหิน,20140
11,20140,09,บ้านช้าง,20140
11,20140,10,บ้านเชิด,20140
11,20140,11,พนัสนิคม,20140
11,20140,12,ไร่หลักทอง,20140
11,20140,13,วัดโบสถ์,20140
11,20140,14,วัดหลวง,20140
11,20140,15,สระสี่เหลี่ยม,20140
11,20140,16,หนองขยาด,20140
11,20140,17,หนองปรือ,20140
11,20140,18,หนองเหียง,20140
11,20140,19,หน้าพระธาตุ,20140
11,20140,20,หมอนนาง,20140
11,20150,01,ห้วยใหญ่,20150
11,20150,02,เขาไม้แก้ว,20150
11,20150,03,ตะเคียนเตี้ย,20150
11,20150,04,นาเกลือ,20150
11,20150,05,บางละมุง,20150
11,20150,06,โป่ง,20150
11,20150,07,หนองปรือ,20150
11,20150,08,หนองปลาไหล,20150
11,20160,01,หน้าประดู่,20160
11,20160,02,เกาะลอย,20160
11,20160,03,โคกขี้หนอน,20160
11,20160,04,บางนาง,20160
11,20160,05,บางหัก,20160
11,20160,06,บ้านเก่า,20160
11,20160,07,พานทอง,20160
11,20160,08,มาบโป่ง,20160
11,20160,09,หนองกะขะ,20160
11,20160,10,หนองตำลึง,20160
11,20160,11,หนองหงษ์,20160
11,20170,01,หนองอิรุณ,20170
11,20170,02,คลองกิ่ว,20170
11,20170,03,บ้านบึง,20170
11,20170,04,มาบไผ่,20170
11,20170,05,หนองชาก,20170
11,20170,06,หนองซ้ำซาก,20170
11,20170,07,หนองบอนแดง,20170
11,20170,08,หนองไผ่แก้ว,20170
11,20180,01,แสมสาร,20180
11,20180,02,นาจอมเทียน,20180
11,20180,03,บางเสร่,20250
11,20180,04,พลูตาหลวง,20180
11,20180,05,สัตหีบ,20180
11,20190,01,ห้างสูง,20190
11,20190,02,เขาซก,20190
11,20190,03,คลองพลู,20190
11,20190,04,หนองเสือช้าง,20190
11,20190,05,หนองใหญ่,20190
11,20240,01,ท่าบุญมี,20240
11,20240,02,เกาะจันทร์,20240
11,20270,01,วัดสุวรรณ,20270
11,20270,02,เกษตรสุวรรณ,20270
11,20270,03,ธาตุทอง,20270
11,20270,04,บ่อกวางทอง,20270
11,20270,05,บ่อทอง,20270
11,20270,06,พลวงทอง,20270
12,21000,01,ห้วยโป่ง,21000
12,21000,02,กระเฉด,21000
12,21000,03,แกลง,21000
12,21000,04,เชิงเนิน,21000
12,21000,05,ตะพง,21000
12,21000,06,ทับมา,21000
12,21000,07,ท่าประดู่,21000
12,21000,08,นาตาขวัญ,21000
12,21000,09,น้ำคอก,21000
12,21000,10,เนินพระ,21000
12,21000,11,บ้านแลง,21000
12,21000,12,ปากน้ำ,21000
12,21000,13,เพ,21000
12,21000,14,มาบตาพุด,21000
12,21000,15,สำนักทอง,21000
12,21110,01,ห้วยยาง,21110
12,21110,02,กระแสบน,21110
12,21110,03,กร่ำ,21110
12,21110,04,กองดิน,21110
12,21110,05,คลองปูน,21110
12,21110,06,ชากโดน,21110
12,21110,07,ชากพง,21110
12,21110,08,ทางเกวียน,21110
12,21110,09,ทุ่งควายกิน,21110
12,21110,10,เนินฆ้อ,21110
12,21110,11,บ้านนา,21110
12,21110,12,ปากน้ำกระแส,21110
12,21110,13,พังราด,21110
12,21110,14,วังหว้า,21110
12,21110,15,สองสลึง,21110
12,21111,01,ห้วยทับมอญ,21110
12,21111,02,เขาน้อย,21110
12,21111,03,ชำฆ้อ,21110
12,21111,04,น้ำเป็น,21110
12,21120,01,หนองละลอก,21120
12,21120,02,ชากบก,21120
12,21120,03,ตาขัน,21120
12,21120,04,บางบุตร,21120
12,21120,05,บ้านค่าย,21120
12,21120,06,หนองตะพาน,21120
12,21120,07,หนองบัว,21120
12,21130,01,สำนักท้อน,21130
12,21130,02,บ้านฉาง,21130
12,21130,03,พลา,21130
12,21140,01,หนองไร่,21140
12,21140,02,ตาสิทธิ์,21140
12,21140,03,ปลวกแดง,21140
12,21140,04,มาบยางพร,21140
12,21140,05,แม่น้ำคู้,21140
12,21140,06,ละหาร,21140
12,21180,01,มาบข่า,21180
12,21180,02,นิคมพัฒนา,21180
12,21180,03,พนานิคม,21180
12,21180,04,มะขามคู่,21180
12,21210,01,วังจันทร์,21210
12,21210,02,ชุมแสง,21210
12,21210,03,ป่ายุบใน,21210
12,21210,04,พลงตาเอี่ยม,21210
13,22000,01,หนองบัว,22000
13,22000,02,เกาะขวาง,22000
13,22000,03,คมบาง,22000
13,22000,04,คลองนารายณ์,22000
13,22000,05,จันทนิมิต,22000
13,22000,06,ตลาด,22000
13,22000,07,ท่าช้าง,22000
13,22000,08,บางกะจะ,22000
13,22000,09,พลับพลา,22000
13,22000,10,วัดใหม่,22000
13,22000,11,แสลง,22000
13,22110,01,วันยาว,22110
13,22110,02,เกวียนหัก,22110
13,22110,03,ขลุง,22110
13,22110,04,ซึ้ง,22110
13,22110,05,ตกพรม,22110
13,22110,06,ตรอกนอง,22110
13,22110,07,ตะปอน,22110
13,22110,08,บ่อ,22110
13,22110,09,บ่อเวฬุ,22110
13,22110,10,บางชัน,22110
13,22110,11,มาบไพ,22110
13,22110,12,วังสรรพรส,22110
13,22120,01,สีพยา,22120
13,22120,02,เขาแก้ว,22120
13,22120,03,เขาบายศรี,22120
13,22120,04,เขาวัว,22120
13,22120,05,โขมง,22120
13,22120,06,คลองขุด,22120
13,22120,07,ตะกาดเง้า,22120
13,22120,08,ท่าใหม่,22120
13,22120,09,ทุ่งเบญจา,22120
13,22120,10,บ่อพุ,22120
13,22120,11,พลอยแหวน,22120
13,22120,12,ยายร้า,22120
13,22120,13,รำพัน,22120
13,22120,14,สองพี่น้อง,22120
13,22130,01,หนองชิ่ม,22130
13,22130,02,เกาะเปริด,22130
13,22130,03,คลองน้ำเค็ม,22130
13,22130,04,บางกะไชย,22130
13,22130,05,บางสระเก้า,22130
13,22130,06,ปากน้ำแหลมสิงห์,22130
13,22130,07,พลิ้ว,22130
13,22140,01,หนองตาคง,22140
13,22140,02,คลองใหญ่,22140
13,22140,03,ทับไทร,22140
13,22140,04,เทพนิมิต,22140
13,22140,05,โป่งน้ำร้อน,22140
13,22150,01,อ่างคีรี,22150
13,22150,02,ฉมัน,22150
13,22150,03,ท่าหลวง,22150
13,22150,04,ปัถวี,22150
13,22150,05,มะขาม,22150
13,22150,06,วังแซ้ม,22150
13,22160,01,สามพี่น้อง,22160
13,22160,02,แก่งหางแมว,22160
13,22160,03,ขุนซ่อง,22160
13,22160,04,เขาวงกต,22160
13,22160,05,พวา,22160
13,22161,01,สนามไชย,22160
13,22161,02,กระแจะ,22160
13,22161,03,ช้างข้าม,22160
13,22161,04,นายายอาม,22160
13,22161,05,วังโตนด,22160
13,22161,06,วังใหม่,22160
13,22180,01,สะตอน,22180
13,22180,02,ทรายขาว,22180
13,22180,03,ทับช้าง,22180
13,22180,04,ทุ่งขนาน,22180
13,22180,05,ปะตง,22180
13,22210,01,พลวง,22210
13,22210,02,คลองพลู,22210
13,22210,03,จันทเขลม,22210
13,22210,04,ซากไทย,22210
13,22210,05,ตะเคียนทอง,22210
14,23000,01,อ่าวใหญ่,23000
14,23000,02,ชำราก,23000
14,23000,03,ตะกาง,23000
14,23000,04,ท่ากุ่ม,23000
14,23000,05,ท่าพริก,23000
14,23000,06,เนินทราย,23000
14,23000,07,บางพระ,23000
14,23000,08,วังกระแจะ,23000
14,23000,09,หนองคันทรง,23000
14,23000,10,หนองเสม็ด,23000
14,23000,11,หนองโสน,23000
14,23000,12,ห้วงน้ำขาว,23000
14,23000,13,ห้วยแร้ง,23000
14,23000,14,แหลมกลัด,23000
14,23001,01,เกาะหมาก,23000
14,23001,02,เกาะกูด,23000
14,23110,01,หาดเล็ก,23110
14,23110,02,คลองใหญ่,23110
14,23110,03,ไม้รูด,23110
14,23120,01,เกาะช้างใต้,23120
14,23120,02,เกาะช้าง,23120
14,23121,01,แหลมงอบ,23120
14,23121,02,คลองใหญ่,23120
14,23121,03,น้ำเชี่ยว,23120
14,23121,04,บางปิด,23120
14,23130,01,แสนตุ้ง,23130
14,23130,02,เขาสมิง,23130
14,23130,03,ท่าโสม,23130
14,23130,04,ทุ่งนนทรี,23130
14,23130,05,เทพนิมิต,23130
14,23130,06,ประณีต,23130
14,23130,07,วังตะเคียน,23130
14,23130,08,สะตอ,23130
14,23140,01,หนองบอน,23140
14,23140,02,ช้างทูน,23140
14,23140,03,ด่านชุมพล,23140
14,23140,04,นนทรีย์,23140
14,23140,05,บ่อพลอย,23140
15,24000,01,หน้าเมือง,24000
15,24000,02,คลองจุกกระเฌอ,24000
15,24000,03,คลองนครเนื่องเขต,24000
15,24000,04,คลองนา,24000
15,24000,05,คลองเปรง,24000
15,24000,06,คลองหลวงแพ่ง,24000
15,24000,07,คลองอุดมชลจร,24000
15,24000,08,ท่าไข่,24000
15,24000,09,บางกระไห,24000
15,24000,10,บางแก้ว,24000
15,24000,11,บางขวัญ,24000
15,24000,12,บางตีนเป็ด,24000
15,24000,13,บางเตย,24000
15,24000,14,บางไผ่,24000
15,24000,15,บางพระ,24000
15,24000,16,บ้านใหม่,24000
15,24000,17,วังตะเคียน,24000
15,24000,18,โสธร,24000
15,24000,19,หนามแดง,24000
15,24001,01,บางเล่า,24000
15,24001,02,ก้อนแก้ว,24000
15,24001,03,คลองเขื่อน,24000
15,24001,04,บางตลาด,24000
15,24001,05,บางโรง,24000
15,24110,01,หัวไทร,24110
15,24110,02,ท่าทองหลาง,24110
15,24110,03,บางกระเจ็ด,24110
15,24110,04,บางคล้า,24110
15,24110,05,บางสวน,24110
15,24110,06,ปากน้ำ,24110
15,24110,07,สาวชะโงก,24110
15,24110,08,เสม็ดใต้,24110
15,24110,09,เสม็ดเหนือ,24110
15,24120,01,หนองแหน,24120
15,24120,02,เกาะขนุน,24120
15,24120,03,เขาหินซ้อน,24120
15,24120,04,ท่าถ่าน,24120
15,24120,05,บ้านซ่อง,24120
15,24120,06,พนมสารคาม,24120
15,24120,07,เมืองเก่า,24120
15,24120,08,หนองยาว,24120
15,24121,01,เมืองใหม่,24120
15,24121,02,ดงน้อย,24120
15,24121,03,บางคา,24120
15,24130,01,หอมศีล,24130
15,24130,02,เขาดิน,24130
15,24130,03,ท่าข้าม,24130
15,24130,04,ท่าสะอ้าน,24130
15,24130,05,บางเกลือ,24130
15,24130,06,บางปะกง,24130
15,24130,07,บางผึ้ง,24130
15,24130,08,บางวัว,24130
15,24130,09,บางสมัคร,24130
15,24130,10,พิมพา,24130
15,24130,11,สองคลอง,24130
15,24130,12,หนองจอก,24130
15,24140,01,แหลมประดู่,24140
15,24140,02,เกาะไร่,24140
15,24140,03,คลองขุด,24140
15,24140,04,คลองบ้านโพธิ์,24140
15,24140,05,คลองประเวศ,24140
15,24140,06,ดอนทราย,24140
15,24140,07,ท่าพลับ,24140
15,24140,08,เทพราช,24140
15,24140,09,บางกรูด,24140
15,24140,10,บางซ่อน,24140
15,24140,11,บ้านโพธิ์,24140
15,24140,12,ลาดขวาง,24140
15,24140,13,สนามจันทร์,24140
15,24140,14,สิบเอ็ดศอก,24140
15,24140,15,แสนภูดาษ,24140
15,24140,16,หนองตีนนก,24140
15,24140,17,หนองบัว,24140
15,24150,01,หมอนทอง,24150
15,24150,02,ดอนเกาะกา,24150
15,24150,03,ดอนฉิมพลี,24150
15,24150,04,บางขนาก,24150
15,24150,05,บางน้ำเปรี้ยว,24150
15,24150,06,บึงน้ำรักษ์,24150
15,24150,07,โพรงอากาศ,24150
15,24150,08,โยธะกา,24150
15,24150,09,ศาลาแดง,24150
15,24150,10,สิงโตทอง,24150
15,24160,01,ลาดกระทิง,24160
15,24160,02,คู้ยายหมี,24160
15,24160,03,ท่ากระดาน,24160
15,24160,04,ทุ่งพระยา,24160
15,24161,01,ท่าตะเกียบ,24160
15,24161,02,คลองตะเกรา,24160
15,24190,01,หัวสำโรง,24190
15,24190,02,แปลงยาว,24190
15,24190,03,วังเย็น,24190
15,24190,04,หนองไม้แก่น,24190
16,25000,01,หน้าเมือง,25130
16,25000,02,โคกไม้ลาย,25130
16,25000,03,ดงขี้เหล็ก,25130
16,25000,04,ดงพระราม,25130
16,25000,05,ท่างาม,25130
16,25000,06,เนินหอม,25130
16,25000,07,โนนห้อม,25130
16,25000,08,บางเดชะ,25130
16,25000,09,บางบริบูรณ์,25130
16,25000,10,บ้านพระ,25130
16,25000,11,ไม้เค็ด,25130
16,25000,12,รอบเมือง,25130
16,25000,13,วัดโบสถ์,25130
16,25110,01,หาดนางแก้ว,25110
16,25110,02,กบินทร์,25110
16,25110,03,เขาไม้แก้ว,25110
16,25110,04,นนทรี,25110
16,25110,05,นาแขม,25110
16,25110,06,บ่อทอง,25110
16,25110,07,บ้านนา,25110
16,25110,08,เมืองเก่า,25110
16,25110,09,ย่านรี,25110
16,25110,10,ลาดตะเคียน,25110
16,25110,11,วังดาล,25110
16,25110,12,วังตะเคียน,25110
16,25110,13,วังท่าช้าง,25110
16,25110,14,หนองกี่,25110
16,25130,01,หนองแสง,25150
16,25130,02,เกาะลอย,25150
16,25130,03,คำโตนด,25150
16,25130,04,ดงบัง,25150
16,25130,05,บ้านหอย,25150
16,25130,06,บุฝ้าย,25150
16,25130,07,ประจันตคาม,25150
16,25130,08,โพธิ์งาม,25130
16,25130,09,หนองแก้ว,25150
16,25140,01,หาดยาง,25000
16,25140,02,กรอกสมบูรณ์,25000
16,25140,03,ดงกระทงยาม,25000
16,25140,04,ท่าตูม,25000
16,25140,05,บางกุ้ง,25000
16,25140,06,บ้านทาม,25000
16,25140,07,ศรีมหาโพธิ,25000
16,25140,08,สัมพันธ์,25000
16,25140,09,หนองโพรง,25000
16,25140,10,หัวหว้า,25000
16,25150,01,บ้านสร้าง,25220
16,25150,02,กระทุ่มแพ้ว,25220
16,25150,03,บางกระเบา,25220
16,25150,04,บางขาม,25220
16,25150,05,บางเตย,25220
16,25150,06,บางแตน,25220
16,25150,07,บางปลาร้า,25220
16,25150,08,บางพลวง,25220
16,25150,09,บางยาง,25220
16,25190,01,ไผ่ชะเลือด,25140
16,25190,02,คู้ลำพัน,25140
16,25190,03,โคกไทย,25140
16,25190,04,โคกปีบ,25140
16,25220,01,สำพันตา,25190
16,25220,02,แก่งดินสอ,25190
16,25220,03,ทุ่งโพธิ์,25190
16,25220,04,นาดี,25190
16,25220,05,บุพราหมณ์,25190
16,25220,06,สะพานหิน,25190
17,26000,01,หินตั้ง,26000
17,26000,02,เขาพระ,26000
17,26000,03,ดงละคร,26000
17,26000,04,ดอนยอ,26000
17,26000,05,ท่าช้าง,26000
17,26000,06,ท่าทราย,26000
17,26000,07,นครนายก,26000
17,26000,08,บ้านใหญ่,26000
17,26000,09,พรหมณี,26000
17,26000,10,วังกระโจม,26000
17,26000,11,ศรีจุฬา,26000
17,26000,12,ศรีนาวา,26000
17,26000,13,สาริกา,26000
17,26110,01,อาษา,26110
17,26110,02,เขาเพิ่ม,26110
17,26110,03,ทองหลาง,26110
17,26110,04,บางอ้อ,26110
17,26110,05,บ้านนา,26110
17,26110,06,บ้านพร้าว,26110
17,26110,07,บ้านพริก,26110
17,26110,08,ป่าขะ,26110
17,26110,09,พิกุลออก,26110
17,26110,10,ศรีกะอาง,26110
17,26120,01,องครักษ์,26120
17,26120,02,คลองใหญ่,26120
17,26120,03,ชุมพล,26120
17,26120,04,ทรายมูล,26120
17,26120,05,บางปลากด,26120
17,26120,06,บางลูกเสือ,26120
17,26120,07,บางสมบูรณ์,26120
17,26120,08,บึงศาล,26120
17,26120,09,พระอาจารย์,26120
17,26120,10,โพธิ์แทน,26120
17,26120,11,ศรีษะกระบือ,26120
17,26130,01,หนองแสง,26130
17,26130,02,เกาะโพธิ์,26130
17,26130,03,เกาะหวาย,26130
17,26130,04,โคกกรวด,26130
17,26130,05,ท่าเรือ,26130
17,26130,06,นาหินลาด,26130
17,26130,07,ปากพลี,26130
18,30000,01,หัวทะเล,30000
18,30000,02,โคกกรวด,30000
18,30000,03,โคกสูง,30000
18,30000,04,จอหอ,30000
18,30000,05,ไชยมงคล,30000
18,30000,06,ตลาด,30000
18,30000,07,ในเมือง,30000
18,30000,08,บ้านเกาะ,30000
18,30000,09,บ้านโพธิ์,30000
18,30000,10,บ้านใหม่,30000
18,30000,11,ปรุใหญ่,30000
18,30000,12,พลกรัง,30000
18,30000,13,พะเนา,30000
18,30000,14,พุดซา,30000
18,30000,15,โพธิ์กลาง,30000
18,30000,16,มะเริง,30000
18,30000,17,สีมุม,30000
18,30000,18,สุรนารี,30000
18,30000,19,หนองกระทุ่ม,30000
18,30000,20,หนองไข่น้ำ,30000
18,30000,21,หนองจะบก,30000
18,30000,22,หนองบัวศาลา,30000
18,30000,23,หนองไผ่ล้อม,30000
18,30000,24,หนองระเวียง,30000
18,30000,25,หมื่นไวย,30000
18,30110,01,หนองระเวียง,30110
18,30110,02,กระชอน,30110
18,30110,03,กระเบื้องใหญ่,30110
18,30110,04,ชีวาน,30110
18,30110,05,ดงใหญ่,30110
18,30110,06,ท่าหลวง,30110
18,30110,07,ธารละหลอด,30110
18,30110,08,นิคมสร้างตนเอง,30110
18,30110,09,ในเมือง,30110
18,30110,10,โบสถ์,30110
18,30110,11,รังกาใหญ่,30110
18,30110,12,สัมฤทธิ์,30110
18,30120,01,ห้วยยาง,30120
18,30120,02,กุดจอก,30120
18,30120,03,ขุนทอง,30120
18,30120,04,ดอนตะหนิน,30120
18,30120,05,ด่านช้าง,30120
18,30120,06,โนนทองหลาง,30120
18,30120,07,บัวใหญ่,30120
18,30120,08,เสมาใหญ่,30120
18,30120,09,หนองแจ้งใหญ่,30120
18,30120,10,หนองบัวสะอาด,30120
18,30121,01,หนองหว้า,30120
18,30121,02,โนนจาน,30120
18,30121,03,บัวลาย,30120
18,30121,04,เมืองพะไล,30120
18,30130,01,หมูสี,30130
18,30130,02,กลางดง,30130
18,30130,03,ขนงพระ,30130
18,30130,04,คลองม่วง,30130
18,30130,05,จันทึก,30130
18,30130,06,ปากช่อง,30130
18,30130,07,โป่งตาลอง,30130
18,30130,08,พญาเย็น,30130
18,30130,09,วังกะทะ,30130
18,30130,10,วังไทร,30130
18,30130,11,หนองน้ำแดง,30130
18,30130,12,หนองสาหร่าย,30130
18,30140,01,หนองหญ้าขาว,30140
18,30140,02,กฤษณา,30140
18,30140,03,กุดน้อย,30140
18,30140,04,คลองไผ่,30140
18,30140,05,ดอนเมือง,30140
18,30140,06,บ้านหัน,30140
18,30140,07,มิตรภาพ,30140
18,30140,08,ลาดบัวขาว,30140
18,30140,09,วังโรงใหญ่,30140
18,30140,10,สีคิ้ว,30140
18,30140,11,หนองน้ำใส,30140
18,30140,12,หนองบัวน้อย,30140
18,30150,01,สุขเกษม,30150
18,30150,02,เกษมทรัพย์,30150
18,30150,03,โคกไทย,30150
18,30150,04,งิ้ว,30150
18,30150,05,ดอน,30150
18,30150,06,ตะขบ,30150
18,30150,07,ตะคุ,30150
18,30150,08,ตูม,30150
18,30150,09,ธงชัยเหนือ,30150
18,30150,10,นกออก,30150
18,30150,11,บ่อปลาทอง,30150
18,30150,12,ภูหลวง,30150
18,30150,13,เมืองปัก,30150
18,30150,14,ลำนางแก้ว,30150
18,30150,15,สะแกราช,30150
18,30150,16,สำโรง,30150
18,30160,01,ใหม่,30160
18,30160,02,ขามเฒ่า,30160
18,30160,03,จันอัด,30160
18,30160,04,ดอนชมพู,30160
18,30160,05,ดอนหวาย,30160
18,30160,06,ด่านคล้า,30160
18,30160,07,โตนด,30160
18,30160,08,ธารปราสาท,30160
18,30160,09,บิง,30160
18,30160,10,พลสงคราม,30160
18,30160,11,มะค่า,30160
18,30160,12,เมืองปราสาท,30160
18,30160,13,ลำคอหงษ์,30160
18,30160,14,ลำมูล,30160
18,30160,15,หลุมข้าว,30160
18,30160,16,โนนสูง,41330
18,30170,01,หนองตะไก้,30170
18,30170,02,กุดจิก,30170
18,30170,03,โค้งยาง,30170
18,30170,04,โคราช,30170
18,30170,05,นากลาง,30170
18,30170,06,โนนค่า,30170
18,30170,07,บุ่งขี้เหล็ก,30170
18,30170,08,มะเกลือเก่า,30170
18,30170,09,มะเกลือใหม่,30170
18,30170,10,สูงเนิน,30170
18,30170,11,เสมา,30170
18,30180,01,หันห้วยทราย,30180
18,30180,02,กระทุ่มราย,30180
18,30180,03,โคกกลาง,30180
18,30180,04,ดอนมัน,30180
18,30180,05,ตลาดไทร,30180
18,30180,06,ทุ่งสว่าง,30180
18,30180,07,นางรำ,30180
18,30180,08,โนนเพ็ด,30180
18,30180,09,ประทาย,30180
18,30180,10,เมืองโดน,30180
18,30180,11,วังไม้แดง,30180
18,30180,12,หนองค่าย,30180
18,30180,13,หนองพลวง,30180
18,30190,01,ละลมใหม่พัฒนา,30190
18,30190,02,กระโทก,30190
18,30190,03,โชคชัย,30190
18,30190,04,ด่านเกวียน,30190
18,30190,05,ท่าจะหลุง,30190
18,30190,06,ท่าเยี่ยม,30190
18,30190,07,ท่าลาดขาว,30190
18,30190,08,ท่าอ่าง,30190
18,30190,09,ทุ่งอรุณ,30190
18,30190,10,พลับพลา,30190
18,30210,01,หินดาด,30210
18,30210,02,กุดพิมาน,30210
18,30210,03,ด่านขุนทด,30210
18,30210,04,ด่านนอก,30210
18,30210,05,ด่านใน,30210
18,30210,06,ตะเคียน,30210
18,30210,07,โนนเมืองพัฒนา,30210
18,30210,08,บ้านเก่า,30210
18,30210,09,บ้านแปรง,30210
18,30210,10,พันชนะ,30210
18,30210,11,สระจรเข้,30210
18,30210,12,หนองกราด,30210
18,30210,13,หนองไทร,30210
18,30210,14,หนองบัวตะเกียด,30210
18,30210,15,หนองบัวละคร,30210
18,30210,16,ห้วยบง,30210
18,30211,01,หนองแวง,30210
18,30211,02,บึงปรือ,30210
18,30211,03,วังยายทอง,30210
18,30211,04,สำนักตะคร้อ,30210
18,30220,01,สำโรง,30220
18,30220,02,กำปัง,30220
18,30220,03,ค้างพลู,30220
18,30220,04,ด่านจาก,30220
18,30220,05,ถนนโพธิ์,30220
18,30220,06,โนนไทย,30220
18,30220,07,บัลลังก์,30220
18,30220,08,บ้านวัง,30220
18,30220,09,มะค่า,30220
18,30220,10,สายออ,30220
18,30221,01,หนองหอย,30220
18,30221,02,ทัพรั้ง,30220
18,30221,03,พังเทียม,30220
18,30221,04,มาบกราด,30220
18,30221,05,สระพระ,30220
18,30230,01,หินโคน,30230
18,30230,02,คลองเมือง,30230
18,30230,03,จักราช,30230
18,30230,04,ทองหลาง,30230
18,30230,05,ศรีละกอ,30230
18,30230,06,สีสุก,30230
18,30230,07,หนองขาม,30230
18,30230,08,หนองพลวง,30230
18,30231,01,หนองยาง,30000
18,30231,02,ช้างทอง,30000
18,30231,03,ท่าช้าง,30000
18,30231,04,พระพุทธ,30000
18,30231,05,หนองงูเหลือม,30000
18,30240,01,หินดาด,30240
18,30240,02,กงรถ,30240
18,30240,03,งิ้ว,30240
18,30240,04,ตะโก,30240
18,30240,05,ทับสวาย,30240
18,30240,06,เมืองพลับพลา,30240
18,30240,07,หลุ่งตะเคียน,30240
18,30240,08,หลุ่งประดู่,30240
18,30240,09,ห้วยแคน,30240
18,30240,10,ห้วยแถลง,30240
18,30250,01,อรพิมพ์,30250
18,30250,02,ครบุรี,30250
18,30250,03,ครบุรีใต้,30250
18,30250,04,โคกกระชาย,30250
18,30250,05,จระเข้หิน,30250
18,30250,06,เฉลียง,30250
18,30250,07,แชะ,30250
18,30250,08,ตะแบกบาน,30250
18,30250,09,บ้านใหม่,30250
18,30250,10,มาบตะโกเอน,30250
18,30250,11,ลำเพียก,30250
18,30250,12,สระว่านพระยา,30250
18,30260,01,หนองมะนาว,30260
18,30260,02,ขามสมบูรณ์,30260
18,30260,03,คูขาด,30260
18,30260,04,ดอนใหญ่,30260
18,30260,05,ตาจั่น,30260
18,30260,06,เทพาลัย,30260
18,30260,07,โนนเต็ง,30260
18,30260,08,บ้านปรางค์,30260
18,30260,09,เมืองคง,30260
18,30260,10,หนองบัว,30260
18,30270,01,หนองหลัก,30270
18,30270,02,ชุมพวง,30270
18,30270,03,ตลาดไทร,30270
18,30270,04,ท่าลาด,30270
18,30270,05,โนนตูม,30270
18,30270,06,โนนยอ,30270
18,30270,07,โนนรัง,30270
18,30270,08,ประสุข,30270
18,30270,09,สาหร่าย,30270
18,30271,01,ละหานปลาค้าว,30270
18,30271,02,กระเบื้องนอก,30270
18,30271,03,โนนอุดม,30270
18,30271,04,เมืองยาง,30270
18,30272,01,ไพล,30270
18,30272,02,ขุย,30270
18,30272,03,ช่องแมว,30270
18,30272,04,บ้านยาง,30270
18,30280,01,หนองสรวง,30280
18,30280,02,ขามทะเลสอ,30280
18,30280,03,บึงอ้อ,30280
18,30280,04,โป่งแดง,30280
18,30280,05,พันดุง,30280
18,30290,01,หนองหัวฟาน,30290
18,30290,02,ขามสะแกแสง,30290
18,30290,03,ชีวึก,30290
18,30290,04,โนนเมือง,30290
18,30290,05,พะงาด,30290
18,30290,06,เมืองเกษตร,30290
18,30290,07,เมืองนาท,30290
18,30330,01,เสิงสาง,30330
18,30330,02,กุดโบสถ์,30330
18,30330,03,โนนสมบูรณ์,30330
18,30330,04,บ้านราษฎร์,30330
18,30330,05,สระตะเคียน,30330
18,30330,06,สุขไพบูลย์,30330
18,30350,01,วังโพธิ์,30350
18,30350,02,โคกกระเบื้อง,30350
18,30350,03,ช่อระกา,30350
18,30350,04,บ้านเหลื่อม,30350
18,30360,01,สำพะเนียง,30360
18,30360,02,ดอนยาวใหญ่,30360
18,30360,03,โนนแดง,30360
18,30360,04,โนนตาเถร,30360
18,30360,05,วังหิน,30360
18,30370,01,อุดมทรัพย์,30370
18,30370,02,ไทยสามัคคี,30370
18,30370,03,ระเริง,30370
18,30370,04,วังน้ำเขียว,30370
18,30370,05,วังหมี,30370
18,30410,01,แหลมทอง,30410
18,30410,02,ไทยเจริญ,30410
18,30410,03,ลุงเขว้า,30410
18,30410,04,สารภี,30410
18,30410,05,หนองตะไก้,30410
18,30410,06,หนองบุนนาก,30410
18,30410,07,หนองไม้ไผ่,30410
18,30410,08,หนองหัวแรต,30410
18,30410,09,บ้านใหม่,30410
18,30430,01,หนองตาดใหญ่,30430
18,30430,02,โนนประดู่,30430
18,30430,03,โพนทอง,30430
18,30430,04,สามเมือง,30430
18,30430,05,สีดา,30430
18,30440,01,สีสุก,30440
18,30440,02,แก้งสนามนาง,30440
18,30440,03,โนนสำราญ,30440
18,30440,04,บึงพะไล,30440
18,30440,05,บึงสำโรง,30440
19,31000,01,อิสาณ,31000
19,31000,02,กระสัง,31000
19,31000,03,กลันทา,31000
19,31000,04,ชุมเห็ด,31000
19,31000,05,ถลุงเหล็ก,31000
19,31000,06,ในเมือง,31000
19,31000,07,บัวทอง,31000
19,31000,08,บ้านบัว,31000
19,31000,09,บ้านยาง,31000
19,31000,10,พระครู,31000
19,31000,11,เมืองฝาง,31000
19,31000,12,ลุมปุ๊ก,31000
19,31000,13,สวายจีก,31000
19,31000,14,สองห้อง,31000
19,31000,15,สะแกซำ,31000
19,31000,16,สะแกโพรง,31000
19,31000,17,เสม็ด,31000
19,31000,18,หนองตาด,31000
19,31000,19,หลักเขต,31000
19,31001,01,ห้วยราชา,31000
19,31001,02,โคกเหล็ก,31000
19,31001,03,ตาเสา,31000
19,31001,04,บ้านตะโก,31000
19,31001,05,เมืองโพธิ์,31000
19,31001,06,สนวน,31000
19,31001,07,สามแวง,31000
19,31001,08,ห้วยราช,31000
19,31002,01,วังเหนือ,31000
19,31002,02,โนนขวาง,31000
19,31002,03,บ้านด่าน,31000
19,31002,04,ปราสาท,31000
19,31110,01,หัวถนน,31110
19,31110,02,ก้านเหลือง,31110
19,31110,03,ชุมแสง,31110
19,31110,04,ถนนหัก,31110
19,31110,05,ทรัพย์พระยา,31110
19,31110,06,ทุ่งแสงทอง,31110
19,31110,07,นางรอง,31110
19,31110,08,บ้านสิงห์,31110
19,31110,09,ลำไทรโยง,31110
19,31110,10,สะเดา,31110
19,31110,11,หนองกง,31110
19,31110,12,หนองไทร,31110
19,31110,13,หนองโบสถ์,31110
19,31110,14,หนองยายพิมพ์,31110
19,31110,15,หนองโสน,31110
19,31111,01,หนองปล่อง,31110
19,31111,02,โคกสนวน,31110
19,31111,03,ช่อผกา,31110
19,31111,04,ชำนิ,31110
19,31111,05,เมืองยาง,31110
19,31111,06,ละลวด,31110
19,31112,01,โนนสุวรรณ,31110
19,31112,02,โกรกแก้ว,31110
19,31112,03,ดงอีจาน,31110
19,31112,04,ทุ่งจังหัน,31110
19,31113,01,อีสานเขต,31110
19,31113,02,เจริญสุข,31110
19,31113,03,ตาเป๊ก,31110
19,31113,04,ถาวร,31170
19,31113,05,ยายแย้มวัฒนา,31170
19,31120,01,หนองแวง,31120
19,31120,02,กู่สวนแตง,31120
19,31120,03,แดงใหญ่,31120
19,31120,04,ทองหลาง,31120
19,31120,05,หนองเยือง,31120
19,31121,01,หายโศก,31120
19,31121,02,บ้านจาน,31120
19,31121,03,บ้านเป้า,31120
19,31121,04,บ้านยาง,31120
19,31121,05,บ้านแวง,31120
19,31121,06,พุทไธสง,31120
19,31121,07,มะเฟือง,31120
19,31130,01,หินโคน,31130
19,31130,02,โคกกลาง,31130
19,31130,03,โคกล่าม,31130
19,31130,04,โคกสะอาด,31130
19,31130,05,ตลาดโพธิ์,31130
19,31130,06,ทะเมนชัย,31130
19,31130,07,บ้านยาง,31130
19,31130,08,บุโพธิ์,31130
19,31130,09,ผไทรินทร์,31130
19,31130,10,เมืองแฝก,31130
19,31130,11,ลำปลายมาศ,31130
19,31130,12,แสลงพัน,31130
19,31130,13,หนองกระทิง,31130
19,31130,14,หนองคู,31130
19,31130,15,หนองโดน,31130
19,31130,16,หนองบัวโคก,31130
19,31140,01,หนองบอน,31140
19,31140,02,เขาคอก,31140
19,31140,03,โคกตูม,31140
19,31140,04,โคกมะขาม,31140
19,31140,05,โคกม้า,31140
19,31140,06,โคกย่าง,31140
19,31140,07,จรเข้มาก,31140
19,31140,08,ตะโกตาพิ,31140
19,31140,09,บ้านไทร,31140
19,31140,10,ประโคนชัย,31140
19,31140,11,ประทัดบุ,31140
19,31140,12,ปังกู,31140
19,31140,13,ไพศาล,31140
19,31140,14,ละเวี้ย,31140
19,31140,15,สี่เหลี่ยม,31140
19,31140,16,แสลงโทน,31140
19,31150,01,หนองใหญ่,31150
19,31150,02,กระสัง,31150
19,31150,03,ชุมแสง,31150
19,31150,04,ดอนมนต์,31150
19,31150,05,ท่าม่วง,31150
19,31150,06,ทุ่งวัง,31150
19,31150,07,นิคม,31150
19,31150,08,เมืองแก,31150
19,31150,09,ร่อนทอง,31150
19,31150,10,สตึก,31150
19,31150,11,สนามชัย,31150
19,31150,12,สะแก,31150
19,31151,01,หัวฝาย,31150
19,31151,02,แคนดง,31150
19,31151,03,ดงพลอง,31150
19,31151,04,สระบัว,31150
19,31160,01,ห้วยสำราญ,31160
19,31160,02,กระสัง,31160
19,31160,03,กันทรารมย์,31160
19,31160,04,ชุมแสง,31160
19,31160,05,บ้านปรือ,31160
19,31160,06,เมืองไผ่,31160
19,31160,07,ลำดวน,31160
19,31160,08,ศรีภูมิ,31160
19,31160,09,สองชั้น,31160
19,31160,10,สูงเนิน,31160
19,31160,11,หนองเต็ง,31160
19,31170,01,หนองแวง,31170
19,31170,02,โคกว่าน,31170
19,31170,03,ตาจง,31170
19,31170,04,ละหานทราย,31170
19,31170,05,สำโรงใหม่,31170
19,31170,06,หนองตระครอง,31170
19,31180,01,หินลาด,31180
19,31180,02,เขาดินเหนือ,31180
19,31180,03,จันทบเพชร,31180
19,31180,04,โนนเจริญ,31180
19,31180,05,บ้านกรวด,31180
19,31180,06,บึงเจริญ,31180
19,31180,07,ปราสาท,31180
19,31180,08,สายตะกู,31180
19,31180,09,หนองไม้งาม,31180
19,31190,01,หินเหล็กไฟ,31190
19,31190,02,คูเมือง,31190
19,31190,03,ตูมใหญ่,31190
19,31190,04,บ้านแพ,31190
19,31190,05,ปะเคียบ,31190
19,31190,06,พรสำราญ,31190
19,31190,07,หนองขมาร,31190
19,31210,01,หนองกี่,31210
19,31210,02,โคกสว่าง,31210
19,31210,03,โคกสูง,31210
19,31210,04,ดอนอะราง,31210
19,31210,05,ท่าโพธิ์ชัย,31210
19,31210,06,ทุ่งกระตาดพัฒนา,31210
19,31210,07,ทุ่งกระเต็น,31210
19,31210,08,บุกระสัง,31210
19,31210,09,เมืองไผ่,31210
19,31210,10,เย้ยปราสาท,31210
19,31220,01,หูทำนบ,31220
19,31220,02,โคกมะม่วง,31220
19,31220,03,ไทยเจริญ,31220
19,31220,04,ปะคำ,31220
19,31220,05,หนองบัว,31220
19,31230,01,ศรีสว่าง,31230
19,31230,02,ดอนกอก,31230
19,31230,03,นาโพธิ์,31230
19,31230,04,บ้านคู,31230
19,31230,05,บ้านดู่,31230
19,31240,01,ห้วยหิน,31240
19,31240,02,ไทยสามัคคี,31240
19,31240,03,เมืองฝ้าย,31240
19,31240,04,สระแก้ว,31240
19,31240,05,สระทอง,31240
19,31240,06,เสาเดียว,31240
19,31240,07,หนองชัยศรี,31240
19,31250,01,สำโรง,31250
19,31250,02,โคกขมิ้น,31250
19,31250,03,จันดุม,31250
19,31250,04,ป่าชัน,31250
19,31250,05,สะเดา,31250
19,31260,01,ส้มป่อย,31170
19,31260,02,โนนดินแดง,31170
19,31260,03,ลำนางรอง,31170
20,32000,01,แสลงพันธ์,32000
20,32000,02,กาเกาะ,32000
20,32000,03,แกใหญ่,32000
20,32000,04,คอโค,32000
20,32000,05,เฉนียง,32000
20,32000,06,ตระแสง,32000
20,32000,07,ตั้งใจ,32000
20,32000,08,ตาอ็อง,32000
20,32000,09,ท่าสว่าง,32000
20,32000,10,เทนมีย์,32000
20,32000,11,นอกเมือง,32000
20,32000,12,นาดี,32000
20,32000,13,นาบัว,32000
20,32000,14,ในเมือง,32000
20,32000,15,บุฤาษี,32000
20,32000,16,เพี้ยราม,32000
20,32000,17,เมืองที,32000
20,32000,18,ราม,32000
20,32000,19,สลักได,32000
20,32000,20,สวาย,32000
20,32000,21,สำโรง,32000
20,32001,01,ปราสาททอง,32000
20,32001,02,เขวาสินรินทร์,32000
20,32001,03,ตากูก,32000
20,32001,04,บ้านแร่,32000
20,32001,05,บึง,32000
20,32110,01,หนองเหล็ก,32110
20,32110,02,กุดหวาย,32110
20,32110,03,ขวาวใหญ่,32110
20,32110,04,คาละแมะ,32110
20,32110,05,จารพัต,32110
20,32110,06,ช่างปี่,32110
20,32110,07,ตรมไพร,32110
20,32110,08,ตรึม,32110
20,32110,09,แตล,32110
20,32110,10,นารุ่ง,32110
20,32110,11,ผักไหม,32110
20,32110,12,ยาง,32110
20,32110,13,ระแงง,32110
20,32110,14,หนองขวาว,32110
20,32110,15,หนองบัว,32110
20,32120,01,หนองเมธี,32120
20,32120,02,กระโพ,32120
20,32120,03,ท่าตูม,32120
20,32120,04,ทุ่งกุลา,32120
20,32120,05,บะ,32120
20,32120,06,บัวโคก,32120
20,32120,07,พรมเทพ,32120
20,32120,08,โพนครก,32120
20,32120,09,เมืองแก,32120
20,32120,10,หนองบัว,32120
20,32130,01,หนองบัวบาน,32130
20,32130,02,กุดขาคีม,32130
20,32130,03,แก,32130
20,32130,04,ดอนแรด,32130
20,32130,05,ทับใหญ่,32130
20,32130,06,ธาตุ,32130
20,32130,07,น้ำเขียว,32130
20,32130,08,เบิด,32130
20,32130,09,ไผ่,32130
20,32130,10,ยางสว่าง,32130
20,32130,11,รัตนบุรี,32130
20,32130,12,หนองบัวทอง,32130
20,32131,01,หนองหลวง,32130
20,32131,02,คำผง,32130
20,32131,03,โนน,32130
20,32131,04,ระเวียง,32130
20,32131,05,หนองเทพ,32130
20,32140,01,หนองใหญ่,32140
20,32140,02,กังแอน,32140
20,32140,03,กันตรวจระมวล,32140
20,32140,04,โคกยาง,32140
20,32140,05,โคกสะอาด,32140
20,32140,06,เชื้อเพลิง,32140
20,32140,07,โชคนาสาม,32140
20,32140,08,ตานี,32140
20,32140,09,ตาเบา,32140
20,32140,10,ทมอ,32140
20,32140,11,ทุ่งมน,32140
20,32140,12,บ้านไทร,32140
20,32140,13,บ้านพลวง,32140
20,32140,14,ประทัดบุ,32140
20,32140,15,ปราสาททนง,32140
20,32140,16,ปรือ,32140
20,32140,17,ไพล,32140
20,32140,18,สมุด,32140
20,32141,01,บักได,32140
20,32141,02,โคกกลาง,32140
20,32141,03,จีกแดก,32140
20,32141,04,ตาเมียง,32140
20,32150,01,สังขะ,32150
20,32150,02,กระเทียม,32150
20,32150,03,ขอนแตก,32150
20,32150,04,ดม,32150
20,32150,05,ตาคง,32150
20,32150,06,ตาตุม,32150
20,32150,07,ทับทัน,32150
20,32150,08,เทพรักษา,32150
20,32150,09,บ้านจารย์,32150
20,32150,10,บ้านชบ,32150
20,32150,11,พระแก้ว,32150
20,32150,12,สะกาด,32150
20,32151,01,หนองแวง,32150
20,32151,02,แจนแวน,32150
20,32151,03,ณรงค์,32150
20,32151,04,ตรวจ,32150
20,32151,05,ศรีสุข,32150
20,32160,01,หัวงัว,32160
20,32160,02,แคน,32160
20,32160,03,นานวน,32160
20,32160,04,โพนโก,32160
20,32160,05,สนม,32160
20,32160,06,หนองระฆัง,32160
20,32160,07,หนองอียอ,32160
20,32170,01,หมื่นศรี,32170
20,32170,02,กระออม,32170
20,32170,03,เกาะแก้ว,32170
20,32170,04,ประดู่,32170
20,32170,05,ศรีสุข,32170
20,32170,06,สะโน,32170
20,32170,07,สำโรงทาบ,32170
20,32170,08,เสม็จ,32170
20,32170,09,หนองไผ่ล้อม,32170
20,32170,10,หนองฮะ,32170
20,32180,01,หนองสนิท,32180
20,32180,02,กระหาด,32180
20,32180,03,จอมพระ,32180
20,32180,04,ชุมแสง,32180
20,32180,05,บ้านผือ,32180
20,32180,06,บุแกรง,32180
20,32180,07,เป็นสุข,32180
20,32180,08,เมืองลีง,32180
20,32180,09,ลุ่มระวี,32180
20,32190,01,หนองเรือ,32190
20,32190,02,กระเบื้อง,32190
20,32190,03,ชุมพลบุรี,32190
20,32190,04,นาหนองไผ่,32190
20,32190,05,ไพรขลา,32190
20,32190,06,เมืองบัว,32190
20,32190,07,ยะวึก,32190
20,32190,08,ศรีณรงค์,32190
20,32190,09,สระขุด,32190
20,32210,01,แนงมุด,32210
20,32210,02,กาบเชิง,32210
20,32210,03,คูตัน,32210
20,32210,04,โคกตะเคียน,32210
20,32210,05,ด่าน,32210
20,32210,06,ตะเคียน,32210
20,32220,01,อู่โลก,32220
20,32220,02,โชคเหนือ,32220
20,32220,03,ตระเปียงเตีย,32220
20,32220,04,ตรำดม,32220
20,32220,05,ลำดวน,32220
20,32230,01,อาโพน,32230
20,32230,02,จรัส,32230
20,32230,03,ตาวัง,32230
20,32230,04,บัวเชด,32230
20,32230,05,สะเดา,32230
20,32230,06,สำเภาลูน,32230
21,33000,01,หมากเขียบ,33000
21,33000,02,คูซอด,33000
21,33000,03,จาน,33000
21,33000,04,ซำ,33000
21,33000,05,ตะดอบ,33000
21,33000,06,ทุ่ม,33000
21,33000,07,น้ำคำ,33000
21,33000,08,โพธิ์,33000
21,33000,09,โพนข่า,33000
21,33000,10,โพนเขวา,33000
21,33000,11,โพนค้อ,33000
21,33000,12,เมืองใต้,33000
21,33000,13,เมืองเหนือ,33000
21,33000,14,หญ้าปล้อง,33000
21,33000,15,หนองแก้ว,33000
21,33000,16,หนองครก,33000
21,33000,17,หนองไผ่,33000
21,33000,18,หนองไฮ,33000
21,33110,01,หนองหญ้าลาด,33110
21,33110,02,กระแชง,33110
21,33110,03,กุดเสลา,33110
21,33110,04,ขนุน,33110
21,33110,05,จานใหญ่,33110
21,33110,06,ชำ,33110
21,33110,07,ตระกาจ,33110
21,33110,08,ทุ่งใหญ่,33110
21,33110,09,น้ำอ้อม,33110
21,33110,10,โนนสำราญ,33110
21,33110,11,บึงมะลู,33110
21,33110,12,ภูเงิน,33110
21,33110,13,ภูผาหมอก,33110
21,33110,14,เมือง,33110
21,33110,15,รุง,33110
21,33110,16,ละลาย,33110
21,33110,17,เวียงเหนือ,33110
21,33110,18,สวนกล้วย,33110
21,33110,19,สังเม็ก,33110
21,33110,20,เสาธงชัย,33110
21,33111,01,หนองฮาง,33110
21,33111,02,ท่าคล้อ,33110
21,33111,03,เสียว,33110
21,33111,04,หนองงูเหลือม,33110
21,33111,05,หนองหว้า,33110
21,33120,01,อีเซ,33120
21,33120,02,โดด,33120
21,33120,03,ผือใหญ่,33120
21,33120,04,เสียว,33120
21,33120,05,หนองม้า,33120
21,33121,01,หนองใหญ่,33120
21,33121,02,ตาโกน,33120
21,33121,03,เมืองจันทร์,33120
21,33122,01,อี่หล่ำ,33120
21,33122,02,ก้านเหลือง,33120
21,33122,03,กำแพง,33120
21,33122,04,ขะยูง,33120
21,33122,05,แข้,33120
21,33122,06,แขม,33120
21,33122,07,โคกจาน,33120
21,33122,08,โคกหล่าม,33120
21,33122,09,ตาเกษ,33120
21,33122,10,แต้,33120
21,33122,11,ทุ่งไชย,33120
21,33122,12,ปะอาว,33120
21,33122,13,โพธิ์ชัย,33120
21,33122,14,รังแร้ง,33120
21,33122,15,สระกำแพงใหญ่,33120
21,33122,16,สำโรง,33120
21,33122,17,หนองห้าง,33120
21,33122,18,หนองไฮ,33120
21,33122,19,หัวช้าง,33120
21,33130,01,อีปาด,33130
21,33130,02,คำเนียม,33130
21,33130,03,จาน,33130
21,33130,04,ดู่,33130
21,33130,05,ดูน,33130
21,33130,06,ทาม,33130
21,33130,07,โนนสัง,33130
21,33130,08,บัวน้อย,33130
21,33130,09,ผักแพว,33130
21,33130,10,เมืองน้อย,33130
21,33130,11,ยาง,33130
21,33130,12,ละทาย,33130
21,33130,13,หนองแก้ว,33130
21,33130,14,หนองบัว,33130
21,33130,15,หนองแวง,33130
21,33130,16,หนองหัวช้าง,33130
21,33131,01,ละเอาะ,33130
21,33131,02,เขิน,33130
21,33131,03,คูบ,33130
21,33131,04,ตองปิด,33130
21,33131,05,น้ำเกลี้ยง,33130
21,33131,06,รุ่งระวี,33130
21,33140,01,หัวเสือ,33140
21,33140,02,กฤษณา,33140
21,33140,03,กันทรารมย์,33140
21,33140,04,โคกเพชร,33140
21,33140,05,จะกง,33140
21,33140,06,ใจดี,33140
21,33140,07,ดองกำเม็ด,33140
21,33140,08,ตะเคียน,33140
21,33140,09,ตาอุด,33140
21,33140,10,นิคมพัฒนา,33140
21,33140,11,ปราสาท,33140
21,33140,12,ปรือใหญ่,33140
21,33140,13,ลมศักดิ์,33140
21,33140,14,ศรีตระกูล,33140
21,33140,15,ศรีสะอาด,33140
21,33140,16,สะเดาใหญ่,33140
21,33140,17,สำโรงตาเจ็น,33140
21,33140,18,โสน,33140
21,33140,19,หนองฉลอง,33140
21,33140,20,ห้วยใต้,33140
21,33140,21,ห้วยสำราญ,33140
21,33140,22,ห้วยเหนือ,33140
21,33141,01,ห้วยตึ๊กชู,33140
21,33141,02,โคกตาล,33140
21,33141,03,ดงรัก,33140
21,33141,04,ตะเคียนราม,33140
21,33141,05,ไพรพัฒนา,33140
21,33141,06,ละลม,33140
21,33141,07,ห้วยตามอญ,33140
21,33150,01,ห้วยจันทร์,33150
21,33150,02,กระหวัน,33150
21,33150,03,กันทรอม,33150
21,33150,04,ขุนหาญ,33150
21,33150,05,โนนสูง,33150
21,33150,06,บักดอง,33150
21,33150,07,พราน,33150
21,33150,08,โพธิ์กระสังข์,33150
21,33150,09,โพธิ์วงศ์,33150
21,33150,10,ไพร,33150
21,33150,11,ภูฝ้าย,33150
21,33150,12,สิ,33150
21,33160,01,หว้านคำ,33160
21,33160,02,จิกสังข์ทอง,33160
21,33160,03,ด่าน,33160
21,33160,04,ดู่,33160
21,33160,05,บัวหุ่ง,33160
21,33160,06,ไผ่,33160
21,33160,07,เมืองคง,33160
21,33160,08,เมืองแคน,33160
21,33160,09,ส้มป่อย,33160
21,33160,10,สร้างปี่,33160
21,33160,11,หนองแค,33160
21,33160,12,หนองหมี,33160
21,33160,13,หนองอึ่ง,33160
21,33161,01,หนองบัวดง,33160
21,33161,02,กุง,33160
21,33161,03,คลีกลิ้ง,33160
21,33161,04,โจดม่วง,33160
21,33170,01,หนองเชียงทูน,33140
21,33170,02,กู่,33140
21,33170,03,ดู่,33140
21,33170,04,ตูม,33140
21,33170,05,พิมาย,33140
21,33170,06,พิมายเหนือ,33140
21,33170,07,โพธิ์ศรี,33140
21,33170,08,สมอ,33140
21,33170,09,สวาย,33140
21,33170,10,สำโรงปราสาท,33140
21,33180,01,สุขสวัสดิ์,33180
21,33180,02,ดินแดง,33180
21,33180,03,โนนปูน,33180
21,33180,04,ปราสาทเยอ,33180
21,33180,05,ไพรบึง,33180
21,33180,06,สำโรงพลัน,33180
21,33190,01,ลิ้นฟ้า,33190
21,33190,02,กุดเมืองฮาม,33190
21,33190,03,คอนกาม,33190
21,33190,04,โนนคูณ,33190
21,33190,05,บึงบอน,33190
21,33190,06,ยางชุมน้อย,33190
21,33190,07,ยางชุมใหญ่,33190
21,33210,01,ห้วยทับทัน,33210
21,33210,02,กล้วยกว้าง,33210
21,33210,03,จานแสนไชย,33210
21,33210,04,ปราสาท,33210
21,33210,05,ผักไหม,33210
21,33210,06,เมืองหลวง,33210
21,33220,01,เป๊าะ,33220
21,33220,02,บึงบูรพ์,33220
21,33230,01,หนองค้า,33230
21,33230,02,ตำแย,33230
21,33230,03,โนนเพ็ก,33230
21,33230,04,พยุห์,33230
21,33230,05,พรหมสวัสดิ์,33230
21,33240,01,เสืองข้าว,33240
21,33240,02,ตูม,33240
21,33240,03,พิงพวย,33240
21,33240,04,ศรีแก้ว,33240
21,33240,05,ศรีโนนงาม,33240
21,33240,06,สระเยาว์,33240
21,33240,07,สะพุง,33240
21,33250,01,เหล่ากวาง,33250
21,33250,02,โนนค้อ,33250
21,33250,03,บก,33250
21,33250,04,โพธิ์,33250
21,33250,05,หนองกุง,33250
21,33270,01,ศรีสำราญ,33270
21,33270,02,ดวนใหญ่,33270
21,33270,03,ทุ่งสว่าง,33270
21,33270,04,ธาตุ,33270
21,33270,05,บ่อแก้ว,33270
21,33270,06,บุสูง,33270
21,33270,07,โพนยาง,33270
21,33270,08,วังหิน,33270
22,34000,01,หัวเรือ,34000
22,34000,02,กระโสบ,34000
22,34000,03,กุดลาด,34000
22,34000,04,ขามใหญ่,34000
22,34000,05,ขี้เหล็ก,34000
22,34000,06,แจระแม,34000
22,34000,07,ในเมือง,34000
22,34000,08,ปทุม,34000
22,34000,09,ปะอาว,34000
22,34000,10,ไร่น้อย,34000
22,34000,11,หนองขอน,34000
22,34000,12,หนองบ่อ,34000
22,34001,01,เหล่าเสือโก้ก,34000
22,34001,02,แพงใหญ่,34000
22,34001,03,โพนเมือง,34000
22,34001,04,หนองบก,34000
22,34002,01,เหล่าแดง,34000
22,34002,02,คำไฮใหญ่,34000
22,34002,03,ดอนมดแดง,34000
22,34002,04,ท่าเมือง,34000
22,34110,01,อ่างศิลา,34110
22,34110,02,กุดชมภู,34110
22,34110,03,ดอนจิก,34110
22,34110,04,ทรายมูล,34110
22,34110,05,นาโพธิ์,34110
22,34110,06,โนนกลาง,34110
22,34110,07,โนนกาหลง,34110
22,34110,08,บ้านแขม,34110
22,34110,09,พิบูล,34110
22,34110,10,โพธิ์ไทร,34110
22,34110,11,โพธิ์ศรี,34110
22,34110,12,ระเว,34110
22,34110,13,ไร่ใต้,34110
22,34110,14,หนองบัวฮี,34110
22,34130,01,ไหล่ทุ่ง,34130
22,34130,02,กระเดียน,34130
22,34130,03,กุดยาลวน,34130
22,34130,04,กุศกร,34130
22,34130,05,เกษม,34130
22,34130,06,ขามเปี้ย,34130
22,34130,07,ขุหลุ,34130
22,34130,08,คอนสาย,34130
22,34130,09,คำเจริญ,34130
22,34130,10,โคกจาน,34130
22,34130,11,เซเป็ด,34130
22,34130,12,ตระการ,34130
22,34130,13,ตากแดด,34130
22,34130,14,ถ้ำแข้,34130
22,34130,15,ท่าหลวง,34130
22,34130,16,นาพิน,34130
22,34130,17,นาสะไม,34130
22,34130,18,โนนกุง,34130
22,34130,19,บ้านแดง,34130
22,34130,20,เป้า,34130
22,34130,21,สะพือ,34130
22,34130,22,หนองเต่า,34130
22,34130,23,ห้วยฝ้ายพัฒนา,34130
22,34140,01,เหล่าบก,34140
22,34140,02,ดุมใหญ่,34140
22,34140,03,เตย,34140
22,34140,04,นาเลิง,34140
22,34140,05,ไผ่ใหญ่,34140
22,34140,06,โพนแพง,34140
22,34140,07,ม่วงสามสิบ,34140
22,34140,08,ยางโยภาพ,34140
22,34140,09,ยางสักกระโพหลุ่ม,34140
22,34140,10,หนองไข่นก,34140
22,34140,11,หนองช้างใหญ่,34140
22,34140,12,หนองเมือง,34140
22,34140,13,หนองเหล่า,34140
22,34140,14,หนองฮาง,34140
22,34150,01,หัวดอน,34150
22,34150,02,กลางใหญ่,34150
22,34150,03,ก่อเอ้,34150
22,34150,04,เขื่องใน,34150
22,34150,05,ค้อทอง,34150
22,34150,06,ชีทวน,34150
22,34150,07,แดงหม้อ,34150
22,34150,08,ท่าไห,34150
22,34150,09,ธาตุน้อย,34150
22,34150,10,นาคำใหญ่,34150
22,34150,11,โนนรัง,34150
22,34150,12,บ้านกอก,34150
22,34150,13,บ้านไทย,34150
22,34150,14,ยางขี้นก,34150
22,34150,15,ศรีสุข,34150
22,34150,16,สร้างถ่อ,34150
22,34150,17,สหธาตุ,34150
22,34150,18,หนองเหล่า,34150
22,34160,01,สมสะอาด,34160
22,34160,02,กลาง,34160
22,34160,03,กุดประทาย,34160
22,34160,04,แก้ง,34160
22,34160,05,คำครั่ง,34160
22,34160,06,ตบหู,34160
22,34160,07,ท่าโพธิ์ศรี,34160
22,34160,08,ทุ่งเทิง,34160
22,34160,09,นากระแซง,34160
22,34160,10,นาเจริญ,34160
22,34160,11,นาส่วง,34160
22,34160,12,โนนสมบูรณ์,34160
22,34160,13,บัวงาม,34160
22,34160,14,ป่าโมง,34160
22,34160,15,โพนงาม,34160
22,34160,16,เมืองเดช,34160
22,34161,01,หนองอ้ม,34160
22,34161,02,กุดเรือ,34160
22,34161,03,โคกชำแระ,34160
22,34161,04,นาเกษม,34160
22,34161,05,นาห่อม,34160
22,34162,01,นาเรือง,34160
22,34162,02,นาดี,34160
22,34162,03,นาเยีย,34160
22,34170,01,หัวนา,34170
22,34170,02,แก้งเหนือ,34170
22,34170,03,ขามป้อม,34170
22,34170,04,เขมราฐ,34170
22,34170,05,เจียด,34170
22,34170,06,นาแวง,34170
22,34170,07,หนองนกทา,34170
22,34170,08,หนองผือ,34170
22,34170,09,หนองสิม,34170
22,34171,01,พังเคน,34170
22,34171,02,กองโพน,34170
22,34171,03,นาตาล,34170
22,34171,04,พะลาน,34170
22,34190,01,ห้วยขะยุง,34190
22,34190,02,คำขวาง,34190
22,34190,03,คำน้ำแซบ,34190
22,34190,04,คูเมือง,34190
22,34190,05,ท่าลาด,34190
22,34190,06,ธาตุ,34190
22,34190,07,โนนผึ้ง,34190
22,34190,08,โนนโหนน,34190
22,34190,09,บุ่งหวาย,34190
22,34190,10,บุ่งไหม,34190
22,34190,11,โพธิ์ใหญ่,34190
22,34190,12,เมืองศรีไค,34190
22,34190,13,วารินชำราบ,34190
22,34190,14,สระสมิง,34190
22,34190,15,แสนสุข,34190
22,34190,16,หนองกินเพล,34190
22,34191,01,สว่าง,34190
22,34191,02,แก่งโดม,34190
22,34191,03,ท่าช้าง,34190
22,34191,04,บุ่งมะแลง,34190
22,34220,01,ห้วยยาง,34220
22,34220,02,โขงเจียม,34220
22,34220,03,นาโพธิ์กลาง,34220
22,34220,04,หนองแสงใหญ่,34220
22,34220,05,ห้วยไผ่,34220
22,34230,01,ห้วยข่า,34230
22,34230,02,คอแลน,34230
22,34230,03,นาโพธิ์,34230
22,34230,04,โนนค้อ,34230
22,34230,05,บัวงาม,34230
22,34230,06,บ้านแมด,34230
22,34230,07,โพนงาม,34230
22,34230,08,หนองสะโน,34230
22,34250,01,เอือดใหญ่,34250
22,34250,02,แก้งกอก,34250
22,34250,03,คำไหล,34250
22,34250,04,ดอนใหญ่,34250
22,34250,05,ตะบ่าย,34250
22,34250,06,นาคำ,34250
22,34250,07,นาเลิน,34250
22,34250,08,ลาดควาย,34250
22,34250,09,วาริน,34250
22,34250,10,สงยาง,34250
22,34250,11,หนามแท่ง,34250
22,34260,01,สีวิเชียร,34260
22,34260,02,เก่าขาม,34260
22,34260,03,โซง,34260
22,34260,04,โดมประดิษฐ์,34260
22,34260,05,บุเปือย,34260
22,34260,06,ยาง,34260
22,34260,07,ยางใหญ่,34260
22,34261,01,ไพบูลย์,34260
22,34261,02,ขี้เหล็ก,34260
22,34261,03,โคกสะอาด,34260
22,34261,04,ตาเกา,34260
22,34270,01,หนองทันน้ำ,34270
22,34270,02,กาบิน,34270
22,34270,03,แก่งเค็ง,34270
22,34270,04,ข้าวปุ้น,34270
22,34270,05,โนนสวาง,34270
22,34280,01,โสกแสง,34280
22,34280,02,นาจะหลวย,34280
22,34280,03,โนนสมบูรณ์,34280
22,34280,04,โนนสวรรค์,34280
22,34280,05,บ้านตูม,34280
22,34280,06,พรสวรรค์,34280
22,34330,01,หนองกุง,34330
22,34330,02,คำหว้า,34330
22,34330,03,จิกเทิง,34330
22,34330,04,ตาลสุม,34330
22,34330,05,นาคาย,34330
22,34330,06,สำโรง,34330
22,34340,01,เหล่างาม,34340
22,34340,02,โพธิ์ไทร,34340
22,34340,03,ม่วงใหญ่,34340
22,34340,04,สองคอน,34340
22,34340,05,สารภี,34340
22,34340,06,สำโรง,34340
22,34350,01,ฝางคำ,34110
22,34350,02,คันไร่,34110
22,34350,03,คำเขื่อนแก้ว,34110
22,34350,04,ช่องเม็ก,34110
22,34350,05,นิคมลำโดมน้อย,34110
22,34350,06,โนนก่อ,34110
22,34360,01,หนองไฮ,34360
22,34360,02,ขามป้อม,34360
22,34360,03,ค้อน้อย,34360
22,34360,04,โคกก่อง,34360
22,34360,05,โคกสว่าง,34360
22,34360,06,โนนกลาง,34360
22,34360,07,โนนกาเล็น,34360
22,34360,08,บอน,34360
22,34360,09,สำโรง,34360
23,35000,01,หนองหิน,35000
23,35000,02,ขั้นไดใหญ่,35000
23,35000,03,ขุมเงิน,35000
23,35000,04,เขื่องคำ,35000
23,35000,05,ค้อเหนือ,35000
23,35000,06,ดู่ทุ่ง,35000
23,35000,07,เดิด,35000
23,35000,08,ตาดทอง,35000
23,35000,09,ทุ่งแต้,35000
23,35000,10,ทุ่งนางโอก,35000
23,35000,11,นาสะไมย์,35000
23,35000,12,น้ำคำใหญ่,35000
23,35000,13,ในเมือง,35000
23,35000,14,สำราญ,35000
23,35000,15,สิงห์,35000
23,35000,16,หนองคู,35000
23,35000,17,หนองเป็ด,35000
23,35000,18,หนองเรือ,35000
23,35110,01,เหล่าไฮ,35110
23,35110,02,กุดกุง,35110
23,35110,03,กู่จาน,35110
23,35110,04,แคนน้อย,35110
23,35110,05,ดงแคนใหญ่,35110
23,35110,06,ดงเจริญ,35110
23,35110,07,ทุ่งมน,35110
23,35110,08,นาแก,35110
23,35110,09,นาคำ,35110
23,35110,10,โพนทัน,35110
23,35110,11,ย่อ,35110
23,35110,12,ลุมพุก,35110
23,35110,13,สงเปือย,35110
23,35120,01,ส้มผ่อ,35120
23,35120,02,คำเตย,35120
23,35120,03,คำไผ่,35120
23,35120,04,ไทยเจริญ,35120
23,35120,05,น้ำคำ,35120
23,35121,01,ห้องแซง,35120
23,35121,02,กุดเชียงหมี,35120
23,35121,03,กุดแห่,35120
23,35121,04,โคกสำราญ,35120
23,35121,05,บุ่งค้า,35120
23,35121,06,ศรีแก้ว,35120
23,35121,07,สร้างมิ่ง,35120
23,35121,08,สวาท,35120
23,35121,09,สามแยก,35120
23,35121,10,สามัคคี,35120
23,35130,01,หัวเมือง,35130
23,35130,02,คูเมือง,35130
23,35130,03,โนนทราย,35130
23,35130,04,บากเรือ,35130
23,35130,05,บึงแก,35130
23,35130,06,ผือฮี,35130
23,35130,07,พระเสาร์,35130
23,35130,08,ฟ้าหยาด,35130
23,35130,09,ม่วง,35130
23,35130,10,สงยาง,35130
23,35140,01,ห้วยแก้ง,35140
23,35140,02,กำแมด,35140
23,35140,03,กุดชุม,35140
23,35140,04,คำน้ำสร้าง,35140
23,35140,05,นาโส่,35140
23,35140,06,โนนเปือย,35140
23,35140,07,โพนงาม,35140
23,35140,08,หนองหมี,35140
23,35140,09,หนองแหน,35140
23,35150,01,ศรีฐาน,35150
23,35150,02,กระจาย,35150
23,35150,03,โคกนาโก,35150
23,35150,04,เชียงเพ็ง,35150
23,35150,05,โพธิ์ไทร,35150
23,35160,01,ฟ้าห่วน,35160
23,35160,02,กุดน้ำใส,35160
23,35160,03,ค้อวัง,35160
23,35160,04,น้ำอ้อม,35160
23,35170,01,ไผ่,35170
23,35170,02,ดงมะไฟ,35170
23,35170,03,ดู่ลาด,35170
23,35170,04,ทรายมูล,35170
23,35170,05,นาเวียง,35170
24,36000,01,ห้วยบง,36000
24,36000,02,กุดตุ้ม,36000
24,36000,03,โคกสูง,36000
24,36000,04,ชีลอง,36000
24,36000,05,ท่าหินโงม,36000
24,36000,06,นาฝาย,36000
24,36000,07,นาเสียว,36000
24,36000,08,โนนสำราญ,36000
24,36000,09,ในเมือง,36000
24,36000,10,บ้านค่าย,36000
24,36000,11,บ้านเล่า,36000
24,36000,12,บุ่งคล้า,36000
24,36000,13,โพนทอง,36000
24,36000,14,รอบเมือง,36000
24,36000,15,ลาดใหญ่,36000
24,36000,16,หนองนาแซง,36000
24,36000,17,หนองไผ่,36000
24,36000,18,ห้วยต้อน,36000
24,36000,19,ซับสีทอง,NULL
24,36110,01,โอโล,36110
24,36110,02,กวางโจน,36110
24,36110,03,กุดยม,36110
24,36110,04,โคกสะอาด,36110
24,36110,05,ธาตุทอง,36110
24,36110,06,บ้านแก้ง,36110
24,36110,07,บ้านดอน,36110
24,36110,08,บ้านเพชร,36110
24,36110,09,ผักปัง,36110
24,36110,10,หนองคอนไทย,36110
24,36110,11,หนองตูม,36110
24,36120,01,หนองโพนงาม,36120
24,36120,02,กุดเลาะ,36120
24,36120,03,ซับสีทอง,36120
24,36120,04,โนนกอก,36120
24,36120,05,โนนทอง,36120
24,36120,06,บ้านเดื่อ,36120
24,36120,07,บ้านบัว,36120
24,36120,08,บ้านเป้า,36120
24,36120,09,บ้านยาง,36120
24,36120,10,บ้านหัน,36120
24,36120,11,สระโพนทอง,36120
24,36120,12,หนองข่า,36120
24,36130,01,หนองบัวใหญ่,36130
24,36130,02,กุดน้ำใส,36130
24,36130,03,บ้านกอก,36130
24,36130,04,บ้านขาม,36130
24,36130,05,ละหาน,36130
24,36130,06,ส้มป่อย,36130
24,36130,07,หนองโดน,36130
24,36130,08,หนองบัวโคก,36130
24,36130,09,หนองบัวบาน,36130
24,36131,01,หนองฉิม,36130
24,36131,02,กะฮาด,36130
24,36131,03,ตาเนิน,36130
24,36131,04,รังงาม,36130
24,36132,01,ท่ากูบ,36130
24,36132,02,ซับใหญ่,36130
24,36132,03,ตะโกทอง,36130
24,36140,01,ห้วยไร่,36140
24,36140,02,คอนสวรรค์,36140
24,36140,03,โคกมั่งงอย,36140
24,36140,04,ช่องสามหมอ,36140
24,36140,05,โนนสะอาด,36140
24,36140,06,บ้านโสก,36140
24,36140,07,ยางหวาย,36140
24,36140,08,ศรีสำราญ,36140
24,36140,09,หนองขาม,36140
24,36150,01,หลุบคา,36150
24,36150,02,เก่าย่าดี,36150
24,36150,03,โคกกุง,36150
24,36150,04,ช่องสามหมอ,36150
24,36150,05,ท่ามะไฟหวาน,36150
24,36150,06,นาหนองทุ่ม,36150
24,36150,07,บ้านแก้ง,36150
24,36150,08,หนองขาม,36150
24,36150,09,หนองไผ่,36150
24,36150,10,หนองสังข์,36150
24,36160,01,หัวทะเล,36160
24,36160,02,เกาะมะนาว,36160
24,36160,03,โคกเพชรพัฒนา,36160
24,36160,04,โคกเริงรมย์,36160
24,36160,05,บ้านชวน,36160
24,36160,06,บ้านตาล,36160
24,36160,07,บ้านเพชร,36160
24,36170,01,ลุ่มลำชี,36170
24,36170,02,ชีบน,36170
24,36170,03,ตลาดแร้ง,36170
24,36170,04,โนนแดง,36170
24,36170,05,บ้านเขว้า,36170
24,36170,06,ภูแลนคา,36170
24,36180,01,ห้วยยาง,36180
24,36180,02,คอนสาร,36180
24,36180,03,ดงกลาง,36180
24,36180,04,ดงบัง,36180
24,36180,05,ทุ่งนาเลา,36180
24,36180,06,ทุ่งพระ,36180
24,36180,07,ทุ่งลุยลาย,36180
24,36180,08,โนนคูณ,36180
24,36190,01,หนองคู,36190
24,36190,02,บ้านเต่า,36190
24,36190,03,บ้านแท่น,36190
24,36190,04,สระพัง,36190
24,36190,05,สามสวน,36190
24,36210,01,หนองแวง,36210
24,36210,02,กุดชุมแสง,36210
24,36210,03,คูเมือง,36210
24,36210,04,ถ้ำวัวแดง,36210
24,36210,05,ท่าใหญ่,36210
24,36210,06,นางแดด,36210
24,36210,07,วังชมภู,36210
24,36210,08,หนองบัวแดง,36210
24,36230,01,ห้วยยายจิ๋ว,36230
24,36230,02,นายางกลัก,36230
24,36230,03,บ้านไร่,36230
24,36230,04,โป่งนก,36230
24,36230,05,วะตะแบก,36230
24,36250,01,ห้วยแย้,36250
24,36250,02,โคกสะอาด,36250
24,36250,03,วังตะเฆ่,36250
24,36250,04,โสกปลาดุก,36250
24,36250,05,หนองบัวระเหว,36250
24,36260,01,แหลมทอง,36260
24,36260,02,เจาทอง,36260
24,36260,03,บ้านเจียง,36260
24,36260,04,วังทอง,36260
25,40000,01,หนองตูม,40000
25,40000,02,โคกสี,40000
25,40000,03,ดอนช้าง,40000
25,40000,04,ดอนหัน,40000
25,40000,05,แดงใหญ่,40000
25,40000,06,ท่าพระ,40000
25,40000,07,โนนท่อน,40000
25,40000,08,ในเมือง,40000
25,40000,09,บ้านค้อ,40000
25,40000,10,บ้านทุ่ม,40000
25,40000,11,บ้านเป็ด,40000
25,40000,12,บ้านหว้า,40000
25,40000,13,บึงเนียม,40000
25,40000,14,พระลับ,40000
25,40000,15,เมืองเก่า,40000
25,40000,16,ศิลา,40000
25,40000,17,สาวะถี,40000
25,40000,18,สำราญ,40000
25,40110,01,หินตั้ง,40110
25,40110,02,แคนเหนือ,40110
25,40110,03,ในเมือง,40110
25,40110,04,บ้านไผ่,40110
25,40110,05,บ้านลาน,40110
25,40110,06,ป่าปอ,40110
25,40110,07,ภูเหล็ก,40110
25,40110,08,เมืองเพีย,40110
25,40110,09,หนองน้ำใส,40110
25,40110,10,หัวหนอง,40110
25,40111,01,หนองปลาหมอ,40110
25,40111,02,โนนแดง,40110
25,40111,03,โนนศิลา,40110
25,40111,04,บ้านหัน,40110
25,40111,05,เปือยใหญ่,40110
25,40112,01,หนองแซง,40110
25,40112,02,โคกสำราญ,40110
25,40112,03,โนนสมบูรณ์,40110
25,40112,04,บ้านแฮด,40110
25,40120,01,หัวทุ่ง,40120
25,40120,02,เก่างิ้ว,40120
25,40120,03,โคกสง่า,40120
25,40120,04,โจดหนองแก,40120
25,40120,05,โนนข่า,40120
25,40120,06,เพ็กใหญ่,40120
25,40120,07,เมืองพล,40120
25,40120,08,ลอมคอม,40120
25,40120,09,โสกนกเต็น,40120
25,40120,10,หนองมะเขือ,40120
25,40120,11,หนองแวงนางเบ้า,40120
25,40120,12,หนองแวงโสกพระ,40120
25,40130,01,หนองเสาเล้า,40130
25,40130,02,ขัวเรียง,40130
25,40130,03,ชุมแพ,40130
25,40130,04,ไชยสอ,40130
25,40130,05,นาเพียง,40130
25,40130,06,นาหนองทุ่ม,40130
25,40130,07,โนนสะอาด,40130
25,40130,08,โนนหัน,40130
25,40130,09,โนนอุดม,40130
25,40130,10,วังหินลาด,40130
25,40130,11,หนองเขียด,40130
25,40130,12,หนองไผ่,40130
25,40140,01,หนองกุง,40140
25,40140,02,กุดน้ำใส,40140
25,40140,03,ทรายมูล,40140
25,40140,04,ท่ากระเสริม,40140
25,40140,05,น้ำพอง,40140
25,40140,06,บัวเงิน,40140
25,40140,07,บัวใหญ่,40140
25,40140,08,บ้านขาม,40140
25,40140,09,พังทุย,40140
25,40140,10,ม่วงหวาน,40140
25,40140,11,วังชัย,40140
25,40140,12,สะอาด,40140
25,40150,01,หว้าทอง,40150
25,40150,02,กุดขอนแก่น,40150
25,40150,03,เขาน้อย,40150
25,40150,04,ดินดำ,40150
25,40150,05,ทุ่งชมพู,40150
25,40150,06,นาชุมแสง,40150
25,40150,07,นาหว้า,40150
25,40150,08,ในเมือง,40150
25,40150,09,บ้านเรือ,40150
25,40150,10,ภูเวียง,40150
25,40150,11,เมืองเก่าพัฒนา,40150
25,40150,12,สงเปือย,40150
25,40150,13,หนองกุงเซิน,40150
25,40150,14,หนองกุงธนสาร,40150
25,40151,01,บ้านโคก,40150
25,40151,02,กุดธาตุ,40150
25,40151,03,ขนวน,40150
25,40152,01,ในเมือง,NULL
25,40152,02,เมืองเก่าพัฒนา,NULL
25,40152,03,เขาน้อย,NULL
25,40160,01,โพธิ์ไชย,40160
25,40160,02,ซับสมบูรณ์,40160
25,40160,03,นาแพง,40160
25,40160,04,บ้านโคก,40160
25,40161,01,หนองแปน,40160
25,40161,02,กุดเค้า,40160
25,40161,03,คำแคน,40160
25,40161,04,ท่าศาลา,40160
25,40161,05,นาข่า,40160
25,40161,06,นางาม,40160
25,40161,07,โพนเพ็ก,40160
25,40161,08,สวนหม่อน,40160
25,40170,01,หัวนาคำ,40170
25,40170,02,ดูนสาด,40170
25,40170,03,น้ำอ้อม,40170
25,40170,04,บ้านฝาง,40170
25,40170,05,หนองกุงใหญ่,40170
25,40170,06,หนองโก,40170
25,40170,07,หนองโน,40170
25,40170,08,ห้วยโจด,40170
25,40170,09,ห้วยยาง,40170
25,40171,01,ห้วยเตย,40170
25,40171,02,กระนวน,40170
25,40171,03,คำแมด,40170
25,40171,04,คูคำ,40170
25,40171,05,บ้านโนน,40170
25,40180,01,ห้วยแก,40180
25,40180,02,กุดเพียขอม,40180
25,40180,03,ชนบท,40180
25,40180,04,โนนพะยอม,40180
25,40180,05,บ้านแท่น,40180
25,40180,06,ปอแดง,40180
25,40180,07,วังแสง,40180
25,40180,08,ศรีบุญเรือง,40180
25,40190,01,หันโจด,40190
25,40190,02,คึมชาด,40190
25,40190,03,ดงเค็ง,40190
25,40190,04,ดอนดั่ง,40190
25,40190,05,ดอนดู่,40190
25,40190,06,ตะกั่วป่า,40190
25,40190,07,โนนธาตุ,40190
25,40190,08,วังหิน,40190
25,40190,09,สำโรง,40190
25,40190,10,หนองไผ่ล้อม,40190
25,40190,11,หนองเม็ก,40190
25,40190,12,หนองสองห้อง,40190
25,40210,01,หนองเรือ,40210
25,40210,02,กุดกว้าง,40210
25,40210,03,จระเข้,40210
25,40210,04,โนนทอง,40210
25,40210,05,โนนทัน,40210
25,40210,06,โนนสะอาด,40210
25,40210,07,บ้านกง,40210
25,40210,08,บ้านผือ,40210
25,40210,09,บ้านเม็ง,40210
25,40210,10,ยางคำ,40210
25,40220,01,หนองแดง,40220
25,40220,02,ซำยาง,40220
25,40220,03,ดงลาน,40220
25,40220,04,นาจาน,40220
25,40220,05,บริบูรณ์,40220
25,40220,06,บ้านใหม่,40220
25,40220,07,ภูห่าน,40220
25,40220,08,วังเพิ่ม,40220
25,40220,09,ศรีสุข,40220
25,40220,10,สีชมพู,40220
25,40230,01,แวงน้อย,40230
25,40230,02,ก้านเหลือง,40230
25,40230,03,ทางขวาง,40230
25,40230,04,ท่านางแนว,40230
25,40230,05,ท่าวัด,40230
25,40230,06,ละหานนา,40230
25,40250,01,ศรีสุขสำราญ,40250
25,40250,02,เขื่อนอุบลรัตน์,40250
25,40250,03,โคกสูง,40250
25,40250,04,ทุ่งโป่ง,40250
25,40250,05,นาคำ,40250
25,40250,06,บ้านดง,40250
25,40270,01,หนองบัว,40270
25,40270,02,โคกงาม,40270
25,40270,03,โนนฆ้อง,40270
25,40270,04,บ้านฝาง,40270
25,40270,05,บ้านเหล่า,40270
25,40270,06,ป่ามะนาว,40270
25,40270,07,ป่าหวายนั่ง,40270
25,40280,01,โนนสมบูรณ์,40280
25,40280,02,เขาสวนกวาง,40280
25,40280,03,คำม่วง,40280
25,40280,04,ดงเมืองแอม,40280
25,40280,05,นางิ้ว,40280
25,40320,01,หนองแวง,40320
25,40320,02,ขามป้อม,40320
25,40320,03,บ้านโต้น,40320
25,40320,04,พระบุ,40320
25,40320,05,พระยืน,40320
25,40330,01,ใหม่นาเพียง,40330
25,40330,02,คอนฉิม,40330
25,40330,03,โนนทอง,40330
25,40330,04,โนนสะอาด,40330
25,40330,05,แวงใหญ่,40330
25,40340,01,สระแก้ว,40340
25,40340,02,ขามป้อม,40340
25,40340,03,เปือยน้อย,40340
25,40340,04,วังม่วง,40340
25,40350,01,ห้วยม่วง,40350
25,40350,02,นาฝาย,40350
25,40350,03,โนนคอม,40350
25,40350,04,ภูผาม่าน,40350
25,40350,05,วังสวาบ,40350
26,41000,0001,โน้นสูง,41330
26,41000,01,หมูม่น,41000
26,41000,02,กุดสระ,41000
26,41000,03,โคกสะอาด,41000
26,41000,04,เชียงพิณ,41000
26,41000,05,เชียงยืน,41000
26,41000,06,นากว้าง,41000
26,41000,07,นาข่า,41000
26,41000,08,นาดี,41000
26,41000,09,นิคมสงเคราะห์,41000
26,41000,10,โนนสูง,41330
26,41000,11,บ้านขาว,41000
26,41000,12,บ้านจั่น,41000
26,41000,13,บ้านตาด,41000
26,41000,14,บ้านเลื่อม,41000
26,41000,15,สามพร้าว,41000
26,41000,16,หนองขอนกว้าง,41000
26,41000,17,หนองนาคำ,41000
26,41000,18,หนองบัว,41000
26,41000,19,หนองไผ่,41000
26,41000,20,หนองไฮ,41000
26,41000,21,หมากแข้ง,41000
26,41110,01,ห้วยเกิ้ง,41110
26,41110,02,กุมภวาปี,41110
26,41110,03,เชียงแหว,41110
26,41110,04,แชแล,41110
26,41110,05,ตูมใต้,41110
26,41110,06,ท่าลี่,41110
26,41110,07,ปะโค,41110
26,41110,08,ผาสุก,41110
26,41110,09,พันดอน,41110
26,41110,10,เวียงคำ,41110
26,41110,11,สีออ,41110
26,41110,12,เสอเพลอ,41110
26,41110,13,หนองหว้า,41110
26,41111,01,อุ่มจาน,41110
26,41111,02,นาม่วง,41110
26,41111,03,ห้วยสามพาด,41110
26,41130,01,บ้านจีต,41130
26,41130,02,คอนสาย,41130
26,41130,03,ค้อใหญ่,41130
26,41130,04,โนนทองอินทร์,41130
26,41131,01,บ้านแดง,41130
26,41131,02,ดอนกลอย,41130
26,41131,03,นาทราย,41130
26,41132,01,หนองหาน,41130
26,41132,02,ดอนหายโศก,41130
26,41132,03,บ้านเชียง,41130
26,41132,04,บ้านยา,41130
26,41132,05,ผักตบ,41130
26,41132,06,พังงู,41130
26,41132,07,โพนงาม,41130
26,41132,08,สร้อยพร้าว,41130
26,41132,09,สะแบง,41130
26,41132,10,หนองไผ่,41130
26,41132,11,หนองเม็ก,41130
26,41132,12,หนองสระปลา,41130
26,41150,01,สุมเส้า,41150
26,41150,02,โคกกลาง,41150
26,41150,03,จอมศรี,41150
26,41150,04,เชียงหวาง,41150
26,41150,05,เตาไห,41150
26,41150,06,นาบัว,41150
26,41150,07,นาพู่,41150
26,41150,08,บ้านธาตุ,41150
26,41150,09,บ้านเหล่า,41150
26,41150,10,เพ็ญ,41150
26,41150,11,สร้างแป้น,41150
26,41160,01,หายโศก,41160
26,41160,02,กลางใหญ่,41160
26,41160,03,ข้าวสาร,41160
26,41160,04,เขือน้ำ,41160
26,41160,05,คำด้วง,41160
26,41160,06,คำบง,41160
26,41160,07,จำปาโมง,41160
26,41160,08,โนนทอง,41160
26,41160,09,บ้านค้อ,41160
26,41160,10,บ้านผือ,41160
26,41160,11,เมืองพาน,41160
26,41160,12,หนองแวง,41160
26,41160,13,หนองหัวคู,41160
26,41190,01,อ้อมกอ,41190
26,41190,02,ดงเย็น,41190
26,41190,03,ถ่อนนาลับ,41190
26,41190,04,นาคำ,41190
26,41190,05,นาไหม,41190
26,41190,06,บ้านจันทน์,41190
26,41190,07,บ้านชัย,41190
26,41190,08,บ้านดุง,41190
26,41190,09,บ้านตาด,41190
26,41190,10,บ้านม่วง,41190
26,41190,11,โพนสูง,41190
26,41190,12,วังทอง,41190
26,41190,13,ศรีสุทโธ,41190
26,41210,01,หนองแวง,41210
26,41210,02,นางัว,41210
26,41210,03,น้ำโสม,41210
26,41210,04,บ้านหยวก,41210
26,41210,05,ศรีสำราญ,41210
26,41210,06,สามัคคี,41210
26,41210,07,โสมเยี่ยม,41210
26,41220,01,อูบมุง,41220
26,41220,02,กุดหมากไฟ,41220
26,41220,03,น้ำพ่น,41220
26,41220,04,โนนหวาย,41220
26,41220,05,หนองบัวบาน,41220
26,41220,06,หนองวัวซอ,41220
26,41220,07,หนองอ้อ,41220
26,41220,08,หมากหญ้า,41220
26,41230,01,หัวนาคำ,41230
26,41230,02,จำปี,41230
26,41230,03,ตาดทอง,41230
26,41230,04,นายูง,41230
26,41230,05,บ้านโปร่ง,41230
26,41230,06,ศรีธาตุ,41230
26,41230,07,หนองนกเขียน,41230
26,41240,01,หนองกุงศรี,41240
26,41240,02,โคกกลาง,41240
26,41240,03,ทมนางาม,41240
26,41240,04,โนนสะอาด,41240
26,41240,05,บุ่งแก้ว,41240
26,41240,06,โพธิ์ศรีสำราญ,41240
26,41250,01,สร้างก่อ,41250
26,41250,02,กุดจับ,41250
26,41250,03,ขอนยูง,41250
26,41250,04,เชียงเพ็ง,41250
26,41250,05,ตาลเลียน,41250
26,41250,06,ปะโค,41250
26,41250,07,เมืองเพีย,41250
26,41260,01,สร้างคอม,41260
26,41260,02,เชียงดา,41260
26,41260,03,นาสะอาด,41260
26,41260,04,บ้านโคก,41260
26,41260,05,บ้านยวด,41260
26,41260,06,บ้านหินโงม,41260
26,41280,01,หนองหญ้าไซ,41280
26,41280,02,คำโคกสูง,41280
26,41280,03,บะยาว,41280
26,41280,04,ผาสุก,41280
26,41280,05,วังสามหมอ,41280
26,41280,06,หนองกุงทับม้า,41280
26,41290,01,หนองหลัก,41290
26,41290,02,คำเลาะ,41290
26,41290,03,ไชยวาน,41290
26,41290,04,โพนสูง,41290
26,41310,01,นาทม,41310
26,41310,02,ทุ่งฝน,41310
26,41310,03,ทุ่งใหญ่,41310
26,41310,04,นาชุมแสง,41310
26,41340,01,หนองแสง,41340
26,41340,02,ทับกุง,41340
26,41340,03,นาดี,41340
26,41340,04,แสงสว่าง,41340
26,41380,01,บ้านก้อง,41380
26,41380,02,นาแค,41380
26,41380,03,นายูง,41380
26,41380,04,โนนทอง,41380
27,42000,01,เสี้ยว,42000
27,42000,02,กกดู่,42000
27,42000,03,กกทอง,42000
27,42000,04,กุดป่อง,42000
27,42000,05,ชัยพฤกษ์,42000
27,42000,06,นาแขม,42000
27,42000,07,นาดินดำ,42000
27,42000,08,นาโป่ง,42000
27,42000,09,นาอ้อ,42000
27,42000,10,นาอาน,42000
27,42000,11,น้ำสวย,42000
27,42000,12,น้ำหมาน,42000
27,42000,13,เมือง,42000
27,42000,14,ศรีสองรัก,42000
27,42110,01,หาดทรายขาว,42110
27,42110,02,เขาแก้ว,42110
27,42110,03,จอมศรี,42110
27,42110,04,เชียงคาน,42110
27,42110,05,ธาตุ,42110
27,42110,06,นาซ่าว,42110
27,42110,07,บุฮม,42110
27,42110,08,ปากตม,42110
27,42120,01,อิปุ่ม,42120
27,42120,02,กกสะทอน,42120
27,42120,03,โคกงาม,42120
27,42120,04,ด่านซ้าย,42120
27,42120,05,นาดี,42120
27,42120,06,นาหอ,42120
27,42120,07,ปากหมัน,42120
27,42120,08,โป่ง,42120
27,42120,09,โพนสูง,42120
27,42120,10,วังยาว,42120
27,42130,01,หนองหญ้าปล้อง,42130
27,42130,02,เขาหลวง,42130
27,42130,03,โคกขมิ้น,42130
27,42130,04,ทรายขาว,42130
27,42130,05,ปากปวน,42130
27,42130,06,ผาน้อย,42130
27,42130,07,ผาบิ้ง,42130
27,42130,08,วังสะพุง,42130
27,42130,09,ศรีสงคราม,42130
27,42130,10,หนองงิ้ว,42130
27,42140,01,อาฮี,42140
27,42140,02,โคกใหญ่,42140
27,42140,03,ท่าลี่,42140
27,42140,04,น้ำแคม,42140
27,42140,05,น้ำทูน,42140
27,42140,06,หนองผือ,42140
27,42150,01,หาดคัมภีร์,42150
27,42150,02,ชมเจริญ,42150
27,42150,03,เชียงกลม,42150
27,42150,04,ปากชม,42150
27,42150,05,ห้วยบ่อซืน,42150
27,42150,06,ห้วยพิชัย,42150
27,42160,01,หนองบัว,42160
27,42160,02,ท่าศาลา,42160
27,42160,03,ปลาบ่า,42160
27,42160,04,ร่องจิก,42160
27,42160,05,ลาดค่าง,42160
27,42170,01,เหล่ากอหก,42170
27,42170,02,นาพึง,42170
27,42170,03,นามาลา,42170
27,42170,04,นาแห้ว,42170
27,42170,05,แสงภา,42170
27,42180,01,ห้วยส้ม,42180
27,42180,02,ผานกเค้า,42180
27,42180,03,ภูกระดึง,42180
27,42180,04,ศรีฐาน,42180
27,42190,01,หนองหิน,42190
27,42190,02,ตาดข่า,42190
27,42190,03,ปวนพุ,42190
27,42210,01,นาดอกคำ,42210
27,42210,02,ท่าสวรรค์,42210
27,42210,03,ท่าสะอาด,42210
27,42210,04,นาด้วง,42210
27,42220,01,เอราวัณ,42220
27,42220,02,ทรัพย์ไพวัลย์,42220
27,42220,03,ผาสามยอด,42220
27,42220,04,ผาอินทร์แปลง,42220
27,42230,01,ห้วยสีเสียด,42230
27,42230,02,แก่งศรีภูมิ,42230
27,42230,03,ภูหอ,42230
27,42230,04,เลยวังไสย์,42230
27,42230,05,หนองคัน,42230
27,42240,01,ผาขาว,42240
27,42240,02,ท่าช้างคล้อง,42240
27,42240,03,โนนปอแดง,42240
27,42240,04,โนนป่าซาง,42240
27,42240,05,บ้านเพิ่ม,42240
28,43000,01,หินโงม,43000
28,43000,02,กวนวัน,43000
28,43000,03,ค่ายบกหวาน,43000
28,43000,04,ในเมือง,43000
28,43000,05,บ้านเดื่อ,43000
28,43000,06,ปะโค,43000
28,43000,07,พระธาตุบังพวน,43000
28,43000,08,โพธิ์ชัย,43000
28,43000,09,มีชัย,43000
28,43000,10,เมืองหมี,43000
28,43000,11,วัดธาตุ,43000
28,43000,12,เวียงคุก,43000
28,43000,13,สองห้อง,43000
28,43000,14,สีกาย,43000
28,43000,15,หนองกอมเกาะ,43000
28,43000,16,หาดคำ,43000
28,43100,01,สระใคร,43100
28,43100,02,คอกช้าง,43100
28,43100,03,บ้านฝาง,43100
28,43110,01,หนองนาง,43110
28,43110,02,กองนาง,43110
28,43110,03,โคกคอน,43110
28,43110,04,ท่าบ่อ,43110
28,43110,05,นาข่า,43110
28,43110,06,น้ำโมง,43110
28,43110,07,บ้านเดื่อ,43110
28,43110,08,บ้านถ่อน,43110
28,43110,09,บ้านว่าน,43110
28,43110,10,โพนสา,43110
28,43120,01,เหล่าต่างคำ,43120
28,43120,02,กุดบง,43120
28,43120,03,จุมพล,43120
28,43120,04,ชุมช้าง,43120
28,43120,05,เซิม,43120
28,43120,06,ทุ่งหลวง,43120
28,43120,07,นาหนัง,43120
28,43120,08,บ้านผือ,43120
28,43120,09,บ้านโพธิ์,43120
28,43120,10,วัดหลวง,43120
28,43120,11,สร้างนางขาว,10223
28,43121,01,รัตนวาปี,43120
28,43121,02,นาทับไฮ,43120
28,43121,03,บ้านต้อน,43120
28,43121,04,พระบาทนาสิงห์,43120
28,43121,05,โพนแพง,43120
28,43122,01,อุดมพร,43120
28,43122,02,นาดี,43120
28,43122,03,เฝ้าไร่,43120
28,43122,04,วังหลวง,43120
28,43122,05,หนองหลวง,43120
28,43130,01,หนองปลาปาก,43130
28,43130,02,บ้านหม้อ,43130
28,43130,03,พระพุทธบาท,43130
28,43130,04,พานพร้าว,43130
28,43131,01,โพนทอง,43130
28,43131,02,ด่านศรีสุข,43130
28,43131,03,โพธิ์ตาก,43130
28,43160,01,สังคม,43160
28,43160,02,แก้งไก่,43160
28,43160,03,นางิ้ว,43160
28,43160,04,บ้านม่วง,43160
28,43160,05,ผาตั้ง,43160
29,44000,01,ห้วยแอ่ง,44000
29,44000,02,เกิ้ง,44000
29,44000,03,แก่งเลิงจาน,44000
29,44000,04,เขวา,44000
29,44000,05,โคกก่อ,44000
29,44000,06,ดอนหว่าน,44000
29,44000,07,ตลาด,44000
29,44000,08,ท่าตูม,44000
29,44000,09,ท่าสองคอน,44000
29,44000,10,บัวค้อ,44000
29,44000,11,ลาดพัฒนา,44000
29,44000,12,แวงน่าง,44000
29,44000,13,หนองโน,44000
29,44000,14,หนองปลิง,44000
29,44110,01,หนองบัวแก้ว,44110
29,44110,02,ก้ามปู,44110
29,44110,03,นาสีนวล,44110
29,44110,04,ปะหลาน,44110
29,44110,05,ภารแอ่น,44110
29,44110,06,เม็กดำ,44110
29,44110,07,เมืองเตา,44110
29,44110,08,เมืองเสือ,44110
29,44110,09,ราษฎร์เจริญ,44110
29,44110,10,ราษฎร์พัฒนา,44110
29,44110,11,ลานสะแก,44110
29,44110,12,เวียงชัย,44110
29,44110,13,เวียงสะอาด,44110
29,44110,14,หนองบัว,44110
29,44120,01,หัวเรือ,44120
29,44120,02,ขามป้อม,44120
29,44120,03,แคน,44120
29,44120,04,โคกสีทองหลาง,44120
29,44120,05,งัวบา,44120
29,44120,06,ดงใหญ่,44120
29,44120,07,นาข่า,44120
29,44120,08,บ้านหวาย,44120
29,44120,09,ประชาพัฒนา,44120
29,44120,10,โพธิ์ชัย,44120
29,44120,11,เสือโก้ก,44120
29,44120,12,หนองทุ่ม,44120
29,44120,13,หนองแสง,44120
29,44120,14,หนองแสน,44120
29,44120,15,หนองไฮ,44120
29,44130,01,หนองสิม,44130
29,44130,02,กำพี้,44130
29,44130,03,ดอนงัว,44130
29,44130,04,โนนแดง,44130
29,44130,05,โนนราษี,44130
29,44130,06,บรบือ,44130
29,44130,07,บ่อใหญ่,44130
29,44130,08,บัวมาศ,44130
29,44130,09,ยาง,44130
29,44130,10,วังไชย,44130
29,44130,11,วังใหม่,44130
29,44130,12,หนองโก,44130
29,44130,13,หนองคูขาด,44130
29,44130,14,หนองจิก,44130
29,44130,15,หนองม่วง,44130
29,44131,01,ห้วยเตย,44130
29,44131,02,กุดรัง,44130
29,44131,03,นาโพธิ์,44130
29,44131,04,เลิงแฝก,44130
29,44131,05,หนองแวง,44130
29,44140,01,แห่ใต้,44140
29,44140,02,แก้งแก,44140
29,44140,03,เขวาไร่,44140
29,44140,04,เขื่อน,44140
29,44140,05,ดอนกลาง,44140
29,44140,06,แพง,44140
29,44140,07,โพนงาม,44140
29,44140,08,ยางท่าแจ้ง,44140
29,44140,09,ยางน้อย,44140
29,44140,10,เลิงใต้,44140
29,44140,11,วังยาว,44140
29,44140,12,หนองกุงสวรรค์,44140
29,44140,13,หนองบอน,44140
29,44140,14,หนองบัว,44140
29,44140,15,หนองเหล็ก,44140
29,44140,16,หัวขวาง,44140
29,44140,17,เหล่า,44140
29,44150,01,ศรีสุข,44150
29,44150,02,กุดใส้จ่อ,44150
29,44150,03,ขามเฒ่าพัฒนา,44150
29,44150,04,ขามเรียง,44150
29,44150,05,เขวาใหญ่,44150
29,44150,06,คันธารราษฎร์,44150
29,44150,07,โคกพระ,44150
29,44150,08,ท่าขอนยาง,44150
29,44150,09,นาสีนวน,44150
29,44150,10,มะค่า,44150
29,44160,01,เหล่าบัวบาน,44160
29,44160,02,กู่ทอง,44160
29,44160,03,เชียงยืน,44160
29,44160,04,ดอนเงิน,44160
29,44160,05,นาทอง,44160
29,44160,06,โพนทอง,44160
29,44160,07,เสือเฒ่า,44160
29,44160,08,หนองซอน,44160
29,44161,01,เหล่าดอกไม้,44160
29,44161,02,กุดปลาดุก,44160
29,44161,03,ชื่นชม,44160
29,44161,04,หนองกุง,44160
29,44170,01,หนองเรือ,44170
29,44170,02,เขวาไร่,44170
29,44170,03,นาเชือก,44170
29,44170,04,ปอพาน,44170
29,44170,05,สันป่าตอง,44170
29,44170,06,สำโรง,44170
29,44170,07,หนองกุง,44170
29,44170,08,หนองแดง,44170
29,44170,09,หนองโพธิ์,44170
29,44170,10,หนองเม็ก,44170
29,44180,01,หัวดง,44180
29,44180,02,กู่สันตรัตน์,44180
29,44180,03,ดงดวน,44180
29,44180,04,ดงบัง,44180
29,44180,05,ดงยาง,44180
29,44180,06,นาดูน,44180
29,44180,07,พระธาตุ,44180
29,44180,08,หนองคู,44180
29,44180,09,หนองไผ่,44180
29,44190,01,หนองกุง,44190
29,44190,02,แกดำ,44190
29,44190,03,โนนภิบาล,44190
29,44190,04,มิตรภาพ,44190
29,44190,05,วังแสง,44190
29,44210,01,หนองบัวสันตุ,44210
29,44210,02,ขามเรียน,44210
29,44210,03,ดงเมือง,44210
29,44210,04,นาภู,44210
29,44210,05,บ้านกู่,44210
29,44210,06,ยางสีสุราช,44210
29,44210,07,แวงดง,44210
30,45000,01,เหนือเมือง,45000
30,45000,02,ขอนแก่น,45000
30,45000,03,แคนใหญ่,45000
30,45000,04,ดงลาน,45000
30,45000,05,นาโพธิ์,45000
30,45000,06,โนนตาล,45000
30,45000,07,โนนรัง,45000
30,45000,08,ในเมือง,45000
30,45000,09,ปอภาร,45000
30,45000,10,เมืองทอง,45000
30,45000,11,รอบเมือง,45000
30,45000,12,สะอาดสมบูรณ์,45000
30,45000,13,สีแก้ว,45000
30,45000,14,หนองแก้ว,45000
30,45000,15,หนองแวง,45000
30,45001,01,แสนชาติ,45000
30,45001,02,จังหาร,45000
30,45001,03,ดงสิงห์,45000
30,45001,04,ดินดำ,45000
30,45001,05,ปาฝา,45000
30,45001,06,ผักแว่น,45000
30,45001,07,ม่วงลาด,45000
30,45001,08,ยางใหญ่,45000
30,45002,01,หนองใหญ่,45000
30,45002,02,บ้านบาก,45000
30,45002,03,โพธิ์ทอง,45000
30,45002,04,โพธิ์สัย,45000
30,45002,05,เมืองเปลือย,45000
30,45002,06,ศรีสมเด็จ,45000
30,45002,07,สวนจิก,45000
30,45002,08,หนองแวงควง,45000
30,45003,01,หมูม้น,45170
30,45003,02,เชียงขวัญ,45170
30,45003,03,บ้านเขือง,45170
30,45003,04,พระเจ้า,45170
30,45003,05,พระธาตุ,45170
30,45003,06,พลับพลา,45170
30,45110,01,อุ่มเม่า,45110
30,45110,02,คำนาดี,45110
30,45110,03,โคกกกม่วง,45110
30,45110,04,โคกสูง,45110
30,45110,05,นาอุดม,45110
30,45110,06,โนนชัยศรี,45110
30,45110,07,พรมสวรรค์,45110
30,45110,08,โพธิ์ทอง,45110
30,45110,09,โพธิ์ศรีสว่าง,45110
30,45110,10,วังสามัคคี,45110
30,45110,11,แวง,45110
30,45110,12,สระนกแก้ว,45110
30,45110,13,สว่าง,45110
30,45110,14,หนองใหญ่,45110
30,45120,01,เหล่าน้อย,45120
30,45120,02,กลาง,45120
30,45120,03,เกาะแก้ว,45120
30,45120,04,ขวัญเมือง,45120
30,45120,05,ขวาว,45120
30,45120,06,ท่าม่วง,45120
30,45120,07,นางาม,45120
30,45120,08,นาแซง,45120
30,45120,09,นาเมือง,45120
30,45120,10,นาเลิง,45120
30,45120,11,บึงเกลือ,45120
30,45120,12,พรสวรรค์,45120
30,45120,13,โพธิ์ทอง,45120
30,45120,14,ภูเงิน,45120
30,45120,15,เมืองไพร,45120
30,45120,16,วังหลวง,45120
30,45120,17,ศรีวิสัย,45120
30,45120,18,หนองหลวง,45120
30,45130,01,หินกอง,45130
30,45130,02,จำปาขัน,45130
30,45130,03,ช้างเผือก,45130
30,45130,04,ดอกไม้,45130
30,45130,05,ทุ่งกุลา,45130
30,45130,06,ทุ่งศรีเมือง,45130
30,45130,07,ทุ่งหลวง,45130
30,45130,08,นาใหญ่,45130
30,45130,09,น้ำคำ,45130
30,45130,10,บ่อพันขัน,45130
30,45130,11,เมืองทุ่ง,45130
30,45130,12,สระคู,45130
30,45130,13,ห้วยหินลาด,45130
30,45130,14,หัวช้าง,45130
30,45130,15,หัวโทน,45130
30,45140,01,หนองทัพไทย,45140
30,45140,02,กุดน้ำใส,45140
30,45140,03,ค้อใหญ่,45140
30,45140,04,คำไฮ,45140
30,45140,05,โคกสว่าง,45140
30,45140,06,ชานุวรรณ,45140
30,45140,07,นานวล,45140
30,45140,08,พนมไพร,45140
30,45140,09,โพธิ์ชัย,45140
30,45140,10,โพธิ์ใหญ่,45140
30,45140,11,วารีสวัสดิ์,45140
30,45140,12,สระแก้ว,45140
30,45140,13,แสนสุข,45140
30,45141,01,หนองฮี,45140
30,45141,02,ดูกอึ่ง,45140
30,45141,03,เด่นราษฎร์,45140
30,45141,04,สาวแห,45140
30,45150,01,เหล่าหลวง,45150
30,45150,02,กำแพง,45150
30,45150,03,กู่กาสิงห์,45150
30,45150,04,เกษตรวิสัย,45150
30,45150,05,ดงครั่งน้อย,45150
30,45150,06,ดงครั่งใหญ่,45150
30,45150,07,ทุ่งทอง,45150
30,45150,08,น้ำอ้อม,45150
30,45150,09,โนนสว่าง,45150
30,45150,10,บ้านฝาง,45150
30,45150,11,เมืองบัว,45150
30,45150,12,สิงห์โคก,45150
30,45150,13,หนองแวง,45150
30,45160,01,อาจสามารถ,45160
30,45160,02,ขี้เหล็ก,45160
30,45160,03,บ้านแจ้ง,45160
30,45160,04,บ้านดู่,45160
30,45160,05,โพนเมือง,45160
30,45160,06,หนองขาม,45160
30,45160,07,หนองบัว,45160
30,45160,08,หนองหมื่นถ่าน,45160
30,45160,09,หน่อม,45160
30,45160,10,โหรา,45160
30,45170,01,อุ่มเม้า,45170
30,45170,02,เขวาทุ่ง,45170
30,45170,03,ธงธานี,45170
30,45170,04,ธวัชบุรี,45170
30,45170,05,นิเวศน์,45170
30,45170,06,บึงนคร,45170
30,45170,07,ไพศาล,45170
30,45170,08,มะอึ,45170
30,45170,09,เมืองน้อย,45170
30,45170,10,ราชธานี,45170
30,45170,11,หนองไผ่,45170
30,45170,12,หนองพอก,45170
30,45171,01,เหล่า,45170
30,45171,02,ทุ่งเขาหลวง,45170
30,45171,03,เทอดไทย,45170
30,45171,04,บึงงาม,45170
30,45171,05,มะบ้า,45170
30,45180,01,อีง่อง,45180
30,45180,02,โคกล่าม,45180
30,45180,03,ดงกลาง,45180
30,45180,04,ดงแดง,45180
30,45180,05,ดู่น้อย,45180
30,45180,06,น้ำใส,45180
30,45180,07,ป่าสังข์,45180
30,45180,08,เมืองหงส์,45180
30,45180,09,ลิ้นฟ้า,45180
30,45180,10,ศรีโคตร,45180
30,45180,11,หนองผือ,45180
30,45180,12,หัวช้าง,45180
30,45190,01,หนองแคน,45190
30,45190,02,ขี้เหล็ก,45190
30,45190,03,ดอกล้ำ,45190
30,45190,04,โนนสง่า,45190
30,45190,05,โนนสวรรค์,45190
30,45190,06,บัวแดง,45190
30,45190,07,โพนสูง,45190
30,45190,08,สระบัว,45190
30,45210,01,หนองพอก,45210
30,45210,02,กกโพธิ์,45210
30,45210,03,โคกสว่าง,45210
30,45210,04,ท่าสีดา,45210
30,45210,05,บึงงาม,45210
30,45210,06,ผาน้ำย้อย,45210
30,45210,07,ภูเขาทอง,45210
30,45210,08,รอบเมือง,45210
30,45210,09,หนองขุ่นใหญ่,45210
30,45220,01,หนองหิน,45220
30,45220,02,กกกุง,45220
30,45220,03,คูเมือง,45220
30,45220,04,เมืองสรวง,45220
30,45220,05,หนองผือ,45220
30,45230,01,อัคคะคำ,45230
30,45230,02,ขามเปี้ย,45230
30,45230,03,คำพอุง,45230
30,45230,04,เชียงใหม่,45230
30,45230,05,ดอนโอง,45230
30,45230,06,บัวคำ,45230
30,45230,07,โพธิ์ศรี,45230
30,45230,08,สะอาด,45230
30,45230,09,หนองตาไก้,45230
30,45240,01,สามขา,45240
30,45240,02,ท่าหาดยาว,45240
30,45240,03,โพนทราย,45240
30,45240,04,ยางคำ,45240
30,45240,05,ศรีสว่าง,45240
30,45250,01,เมยวดี,45250
30,45250,02,ชมสะอาด,45250
30,45250,03,ชุมพร,45250
30,45250,04,บุ่งเลิศ,45250
31,46000,01,เหนือ,46000
31,46000,02,กลางหมื่น,46000
31,46000,03,กาฬสินธุ์,46000
31,46000,04,ขมิ้น,46000
31,46000,05,เชียงเครือ,46000
31,46000,06,นาจารย์,46000
31,46000,07,บึงวิชัย,46000
31,46000,08,ไผ่,46000
31,46000,09,โพนทอง,46000
31,46000,10,ภูดิน,46000
31,46000,11,ภูปอ,46000
31,46000,12,ลำคลอง,46000
31,46000,13,ลำปาว,46000
31,46000,14,ลำพาน,46000
31,46000,15,หนองกุง,46000
31,46000,16,หลุบ,46000
31,46000,17,ห้วยโพธิ์,46000
31,46001,01,สะอาดไชยศรี,46000
31,46001,02,ดงพยุง,46000
31,46001,03,ดอนจาน,46000
31,46001,04,นาจำปา,46000
31,46001,05,ม่วงนา,46000
31,46110,01,เหล่าไฮงาม,46110
31,46110,02,กุดค้าว,46110
31,46110,03,กุดหว้า,46110
31,46110,04,จุมจัง,46110
31,46110,05,แจนแลน,46110
31,46110,06,นาโก,46110
31,46110,07,นาขาม,46110
31,46110,08,บัวขาว,46110
31,46110,09,สมสะอาด,46110
31,46110,10,สามขา,46110
31,46110,11,หนองห้าง,46110
31,46110,12,เหล่าใหญ่,46110
31,46120,01,อุ่มเม่า,46120
31,46120,02,เขาพระนอน,46120
31,46120,03,คลองขาม,46120
31,46120,04,ดอนสมบูรณ์,46120
31,46120,05,นาเชือก,46120
31,46120,06,นาดี,46120
31,46120,07,โนนสูง,46120
31,46120,08,บัวบาน,46120
31,46120,09,ยางตลาด,46120
31,46120,10,เว่อ,46120
31,46120,11,หนองตอกแป้น,46120
31,46120,12,หนองอีเฒ่า,46120
31,46120,13,หัวงัว,46120
31,46120,14,หัวนาคำ,46120
31,46120,15,อิตื้อ,46120
31,46130,01,หลักเมือง,46130
31,46130,02,กมลาไสย,46130
31,46130,03,โคกสมบูรณ์,46130
31,46130,04,เจ้าท่า,46130
31,46130,05,ดงลิง,46130
31,46130,06,ธัญญา,46130
31,46130,07,โพนงาม,46130
31,46130,08,หนองแปน,46130
31,46131,01,เหล่ากลาง,46130
31,46131,02,โคกสะอาด,46130
31,46131,03,ฆ้องชัยพัฒนา,46130
31,46131,04,โนนศิลาเลิง,46130
31,46131,05,ลำชี,46130
31,46140,01,สหัสขันธ์,46140
31,46140,02,นามะเขือ,46140
31,46140,03,นิคม,46140
31,46140,04,โนนน้ำเกลี้ยง,46140
31,46140,05,โนนบุรี,46140
31,46140,06,โนนศิลา,46140
31,46140,07,โนนแหลมทอง,46140
31,46140,08,ภูสิงห์,46140
31,46150,01,หมูม่น,46150
31,46150,02,แซงบาดาล,46150
31,46150,03,ผาเสวย,46150
31,46150,04,มหาไชย,46150
31,46150,05,ลำห้วยหลัว,46150
31,46150,06,ศรีสมเด็จ,46150
31,46150,07,สมเด็จ,46150
31,46150,08,หนองแวง,46150
31,46160,01,หนองผือ,46160
31,46160,02,กุดปลาค้าว,46160
31,46160,03,กุดสิมคุ้มใหม่,46160
31,46160,04,คุ้มเก่า,46160
31,46160,05,สงเปลือย,46160
31,46160,06,สระพังทอง,46160
31,46161,01,สายนาวัง,46160
31,46161,02,นาคู,46160
31,46161,03,โนนนาจาง,46160
31,46161,04,บ่อแก้ว,46160
31,46161,05,ภูแล่นช้าง,46160
31,46170,01,หัวหิน,46170
31,46170,02,กุดโดน,46170
31,46170,03,คำเหมือดแก้ว,46170
31,46170,04,คำใหญ่,46170
31,46170,05,ทรายทอง,46170
31,46170,06,โนนสะอาด,46170
31,46170,07,บึงนาเรียง,46170
31,46170,08,พิมูล,46170
31,46170,09,ห้วยเม็ก,46170
31,46180,01,โพน,46180
31,46180,02,ดินจี่,46180
31,46180,03,ทุ่งคลอง,46180
31,46180,04,นาทัน,46180
31,46180,05,นาบอน,46180
31,46180,06,เนินยาง,46180
31,46181,01,หนองช้าง,46180
31,46181,02,คำสร้างเที่ยง,46180
31,46181,03,สำราญ,46180
31,46181,04,สำราญใต้,46180
31,46190,01,ยางอู้ม,46190
31,46190,02,กุงเก่า,46190
31,46190,03,กุดจิก,46190
31,46190,04,ดงสมบูรณ์,46190
31,46190,05,ท่าคันโท,46190
31,46190,06,นาตาล,46190
31,46210,01,เหล่าอ้อย,46210
31,46210,02,ร่องคำ,46210
31,46210,03,สามัคคี,46210
31,46220,01,หนองใหญ่,46220
31,46220,02,โคกเครือ,46220
31,46220,03,ดงมูล,46220
31,46220,04,ลำหนองแสน,46220
31,46220,05,เสาเล้า,46220
31,46220,06,หนองกุงศรี,46220
31,46220,07,หนองบัว,46220
31,46220,08,หนองสรวง,46220
31,46220,09,หนองหิน,46220
31,46230,01,หลักเหลี่ยม,46230
31,46230,02,นามน,46230
31,46230,03,ยอดแกง,46230
31,46230,04,สงเปลือย,46230
31,46230,05,หนองบัว,46230
31,46240,01,หนองอีบุตร,46240
31,46240,02,คำบง,46240
31,46240,03,ไค้นุ่น,46240
31,46240,04,นิคมห้วยผึ้ง,46240
32,47000,01,ฮางโฮง,47000
32,47000,02,ขมิ้น,47000
32,47000,03,โคกก่อง,47000
32,47000,04,งิ้วด่อน,47000
32,47000,05,เชียงเครือ,47000
32,47000,06,ดงชน,47000
32,47000,07,ดงมะไฟ,47000
32,47000,08,ท่าแร่,47000
32,47000,09,ธาตุเชิงชุม,47000
32,47000,10,ธาตุนาเวง,47000
32,47000,11,โนนหอม,47000
32,47000,12,พังขว้าง,47000
32,47000,13,ม่วงลาย,47000
32,47000,14,หนองลาด,47000
32,47000,15,ห้วยยาง,47000
32,47000,16,เหล่าปอแดง,47000
32,47110,01,หนองหลวง,47110
32,47110,02,ค้อใต้,47110
32,47110,03,คำสะอาด,47110
32,47110,04,โคกสี,47110
32,47110,05,ตาลโกน,47110
32,47110,06,ตาลเนิ้ง,47110
32,47110,07,ทรายมูล,47110
32,47110,08,ธาตุทอง,47110
32,47110,09,บงใต้,47110
32,47110,10,บงเหนือ,47110
32,47110,11,บ้านต้าย,47110
32,47110,12,บ้านถ่อน,47110
32,47110,13,พันนา,47110
32,47110,14,โพนสูง,47110
32,47110,15,แวง,47110
32,47110,16,สว่างแดนดิน,47110
32,47120,01,อินทร์แปลง,47120
32,47120,02,กุดเรือคำ,47120
32,47120,03,ขัวก่าย,47120
32,47120,04,คอนสวรรค์,47120
32,47120,05,คูสะคาม,47120
32,47120,06,เดื่อศรีคันไชย,47120
32,47120,07,ธาตุ,47120
32,47120,08,นาคำ,47120
32,47120,09,นาซอ,47120
32,47120,10,วานรนิวาส,47120
32,47120,11,ศรีวิชัย,47120
32,47120,12,หนองแวง,47120
32,47120,13,หนองแวงใต้,47120
32,47120,14,หนองสนม,47120
32,47130,01,สว่าง,47130
32,47130,02,ช้างมิ่ง,47130
32,47130,03,เชิงชุม,47130
32,47130,04,นาใน,47130
32,47130,05,นาหัวบ่อ,47130
32,47130,06,บะฮี,47130
32,47130,07,พรรณา,47130
32,47130,08,พอกน้อย,47130
32,47130,09,ไร่,47130
32,47130,10,วังยาง,47130
32,47140,01,ห้วยหลัว,47140
32,47140,02,ดงหม้อทอง,47140
32,47140,03,ดงหม้อทองใต้,47140
32,47140,04,ดงเหนือ,47140
32,47140,05,โนนสะอาด,47140
32,47140,06,บ่อแก้ว,47140
32,47140,07,ม่วง,47140
32,47140,08,มาย,47140
32,47140,09,หนองกวั่ง,47140
32,47150,01,หนองลาด,47150
32,47150,02,ค้อเขียว,47150
32,47150,03,คำบ่อ,47150
32,47150,04,ปลาโหล,47150
32,47150,05,วาริชภูมิ,47150
32,47160,01,undefined,47162
32,47160,02,ต้นผึ้ง,47160
32,47160,03,พังโคน,47160
32,47160,04,ม่วงไข่,47160
32,47160,05,แร่,47160
32,47170,01,อากาศ,47170
32,47170,02,ท่าก้อน,47170
32,47170,03,นาฮี,47170
32,47170,04,บะหว้า,47170
32,47170,05,โพนงาม,47170
32,47170,06,โพนแพง,47170
32,47170,07,วาใหญ่,47170
32,47170,08,สามัคคีพัฒนา,47170
32,47180,01,นาม่อง,47180
32,47180,02,กุดบาก,47180
32,47180,03,กุดไห,47180
32,47181,01,หลุบเลา,47180
32,47181,02,กกปลาซิว,47180
32,47181,03,โคกภู,47180
32,47181,04,สร้างค้อ,47180
32,47190,01,ส่องดาว,47190
32,47190,02,ท่าศิลา,47190
32,47190,03,ปทุมวาปี,47190
32,47190,04,วัฒนา,47190
32,47210,01,อุ่มจาน,47210
32,47210,02,กุสุมาลย์,47210
32,47210,03,นาเพียง,47210
32,47210,04,นาโพธิ์,47210
32,47210,05,โพธิไพศาล,47210
32,47230,01,บ้านโพน,47230
32,47230,02,เชียงสือ,47230
32,47230,03,นาแก้ว,47230
32,47230,04,นาตงวัฒนา,47230
32,47230,05,บ้านแป้น,47230
32,47250,01,หนองบัวสิม,47250
32,47250,02,คำตากล้า,47250
32,47250,03,นาแต้,47250
32,47250,04,แพด,47250
32,47260,01,บึงทวาย,47260
32,47260,02,จันทร์เพ็ญ,47260
32,47260,03,เต่างอย,47260
32,47260,04,นาตาล,47260
32,47270,01,หนองปลิง,47270
32,47270,02,นิคมน้ำอูน,47270
32,47270,03,สุวรรณคาม,47270
32,47270,04,หนองบัว,47270
32,47280,01,เหล่าโพนค้อ,47280
32,47280,02,ด่านม่วงคำ,47280
32,47280,03,ตองโขบ,47280
32,47280,04,แมดนาท่ม,47280
32,47290,01,หนองแปน,47290
32,47290,02,โคกศิลา,47290
32,47290,03,เจริญศิลป์,47290
32,47290,04,ทุ่งแก,47290
32,47290,05,บ้านเหล่า,47290
33,48000,01,อาจสามารถ,48000
33,48000,02,กุรุคุ,48000
33,48000,03,ขามเฒ่า,48000
33,48000,04,คำเตย,48000
33,48000,05,ดงขวาง,48000
33,48000,06,ท่าค้อ,48000
33,48000,07,นาทราย,48000
33,48000,08,นาราชควาย,48000
33,48000,09,ในเมือง,48000
33,48000,10,บ้านกลาง,48000
33,48000,11,บ้านผึ้ง,48000
33,48000,12,โพธิ์ตาก,48000
33,48000,13,วังตามัว,48000
33,48000,14,หนองญาติ,48000
33,48000,15,หนองแสง,NULL
33,48110,01,อุ่มเหม้า,48110
33,48110,02,กุดฉิม,48110
33,48110,03,ดอนนางหงส์,48110
33,48110,04,ธาตุพนม,48110
33,48110,05,ธาตุพนมเหนือ,48110
33,48110,06,นาถ่อน,48110
33,48110,07,นาหนาด,48110
33,48110,08,น้ำก่ำ,48110
33,48110,09,ฝั่งแดง,48110
33,48110,10,พระกลางทุ่ง,48110
33,48110,11,โพนแพง,48110
33,48110,12,แสนพัน,48110
33,48120,01,หนองเทา,48120
33,48120,02,ไชยบุรี,48120
33,48120,03,ท่าจำปา,48120
33,48120,04,ท่าอุเทน,48120
33,48120,05,โนนตาล,48120
33,48120,06,พนอม,48120
33,48120,07,พะทาย,48120
33,48120,08,รามราช,48120
33,48120,09,เวินพระบาท,48120
33,48130,01,หนองสังข์,48130
33,48130,02,ก้านเหลือง,48130
33,48130,03,คำพี้,48130
33,48130,04,นาแก,48130
33,48130,05,นาคู่,48130
33,48130,06,นาเลียง,48130
33,48130,07,บ้านแก้ง,48130
33,48130,08,พระซอง,48130
33,48130,09,พิมาน,48130
33,48130,10,พุ่มแก,48130
33,48130,11,สีชมพู,48130
33,48130,12,หนองบ่อ,48130
33,48131,01,หนองโพธิ์,48130
33,48131,02,โคกสี,48130
33,48131,03,ยอดชาด,48130
33,48131,04,วังยาง,48130
33,48140,01,หนองแวง,48140
33,48140,02,นาเข,48140
33,48140,03,นางัว,48140
33,48140,04,บ้านแพง,48140
33,48140,05,ไผ่ล้อม,48140
33,48140,06,โพนทอง,48140
33,48141,01,หนองซน,48140
33,48141,02,ดอนเตย,48140
33,48141,03,นาทม,48140
33,48150,01,หาดแพง,48150
33,48150,02,ท่าบ่อสงคราม,48150
33,48150,03,นาคำ,48150
33,48150,04,นาเดื่อ,48150
33,48150,05,บ้านข่า,48150
33,48150,06,บ้านเอื้อง,48150
33,48150,07,โพนสว่าง,48150
33,48150,08,ศรีสงคราม,48150
33,48150,09,สามผง,48150
33,48160,01,หนองฮี,48160
33,48160,02,กุตาไก้,48160
33,48160,03,โคกสว่าง,48160
33,48160,04,โคกสูง,48160
33,48160,05,นามะเขือ,48160
33,48160,06,ปลาปาก,48160
33,48160,07,มหาชัย,48160
33,48160,08,หนองเทาใหญ่,48160
33,48170,01,หนองย่างชิ้น,48170
33,48170,02,โคกหินแฮ่,48170
33,48170,03,ท่าลาด,48170
33,48170,04,นาขาม,48170
33,48170,05,นางาม,48170
33,48170,06,โพนทอง,48170
33,48170,07,เรณู,48170
33,48170,08,เรณูใต้,48170
33,48180,01,เหล่าพัฒนา,48180
33,48180,02,ท่าเรือ,48180
33,48180,03,นาคูณใหญ่,48180
33,48180,04,นางัว,48180
33,48180,05,นาหว้า,48180
33,48180,06,บ้านเสียว,48180
33,48190,01,โพนสวรรค์,48190
33,48190,02,นาขมิ้น,48190
33,48190,03,นาใน,48190
33,48190,04,นาหัวบ่อ,48190
33,48190,05,บ้านค้อ,48190
33,48190,06,โพนจาน,48190
33,48190,07,โพนบก,48190
34,49000,01,ศรีบุญเรือง,49000
34,49000,02,กุดแข้,49000
34,49000,03,คำป่าหลาย,49000
34,49000,04,คำอาฮวน,49000
34,49000,05,ดงมอน,49000
34,49000,06,ดงเย็น,49000
34,49000,07,นาสีนวน,49000
34,49000,08,นาโสก,49000
34,49000,09,บางทรายใหญ่,49000
34,49000,10,บ้านโคก,49000
34,49000,11,ผึ่งแดด,49000
34,49000,12,โพนทราย,49000
34,49000,13,มุกดาหาร,49000
34,49110,01,เหล่าสร้างถ่อ,49110
34,49110,02,คำชะอี,49110
34,49110,03,คำบก,49110
34,49110,04,น้ำเที่ยง,49110
34,49110,05,บ้านค้อ,49110
34,49110,06,บ้านซ่ง,49110
34,49110,07,บ้านเหล่า,49110
34,49110,08,โพนงาม,49110
34,49110,09,หนองเอี่ยน,49110
34,49120,01,เหล่าหมี,49120
34,49120,02,ดอนตาล,49120
34,49120,03,นาสะเม็ง,49120
34,49120,04,บ้านแก้ง,49120
34,49120,05,บ้านบาก,49120
34,49120,06,ป่าไร่,49120
34,49120,07,โพธิ์ไทร,49120
34,49130,01,หนองแวง,49130
34,49130,02,กกแดง,49130
34,49130,03,โชคชัย,49130
34,49130,04,นากอก,49130
34,49130,05,นาอุดม,49130
34,49130,06,นิคมคำสร้อย,49130
34,49130,07,ร่มเกล้า,49130
34,49140,01,หนองบัว,49140
34,49140,02,กกตูม,49140
34,49140,03,ชะโนดน้อย,49140
34,49140,04,ดงหลวง,49140
34,49140,05,พังแดง,49140
34,49140,06,หนองแคน,49140
34,49150,01,หว้านใหญ่,49150
34,49150,02,ชะโนด,49150
34,49150,03,ดงหมู,49150
34,49150,04,บางทรายน้อย,49150
34,49150,05,ป่งขาม,49150
34,49160,01,หนองสูงเหนือ,49110
34,49160,02,โนนยาง,49110
34,49160,03,บ้านเป้า,49110
34,49160,04,ภูวง,49110
34,49160,05,หนองสูง,49110
34,49160,06,หนองสูงใต้,49110
35,50000,01,หายยา,50000
35,50000,02,กาวิละ,50000
35,50000,03,ช้างคลาน,50000
35,50000,04,ช้างเผือก,50000
35,50000,05,ช้างม่อย,50000
35,50000,06,ท่าศาลา,50000
35,50000,07,นครพิงค์,50000
35,50000,08,ป่าแดด,50000
35,50000,09,ป่าตัน,50000
35,50000,10,พระสิงห์,50000
35,50000,11,ฟ้าฮ่าม,50000
35,50000,12,เม็งราย,50000
35,50000,13,แม่เหียะ,50000
35,50000,14,วัดเกต,50000
35,50000,15,ศรีภูมิ,50000
35,50000,16,ศรีวิชัย,50000
35,50000,17,สันผีเสื้อ,50000
35,50000,18,สุเทพ,50000
35,50000,19,หนองป่าครั่ง,50000
35,50000,20,หนองหอย,50000
35,50110,01,สันทราย,50110
35,50110,02,โป่งน้ำร้อน,50110
35,50110,03,ม่อนปิ่น,50110
35,50110,04,แม่ข่า,50110
35,50110,05,แม่คะ,50110
35,50110,06,แม่งอน,50110
35,50110,07,แม่สูน,50110
35,50110,08,เวียง,50110
35,50120,01,สันกลาง,50120
35,50120,02,ท่าวังพร้าว,50120
35,50120,03,ทุ่งต้อม,50120
35,50120,04,ทุ่งสะโตก,50120
35,50120,05,น้ำบ่อหลวง,50120
35,50120,06,บ้านกลาง,50120
35,50120,07,บ้านแม,50120
35,50120,08,มะขามหลวง,50120
35,50120,09,มะขุนหวาน,50120
35,50120,10,แม่ก๊า,50120
35,50120,11,ยุหว่า,50120
35,50130,01,ออนเหนือ,50130
35,50130,02,ทาเหนือ,50130
35,50130,03,บ้านสหกรณ์,50130
35,50130,04,แม่ทา,50130
35,50130,05,ห้วยแก้ว,50130
35,50130,06,ออนกลาง,50130
35,50131,01,ออนใต้,50130
35,50131,02,แช่ช้าง,50130
35,50131,03,ต้นเปา,50130
35,50131,04,ทรายมูล,50130
35,50131,05,บวกค้าง,50130
35,50131,06,แม่ปูคา,50130
35,50131,07,ร้องวัวแดง,50130
35,50131,08,สันกลาง,50130
35,50131,09,สันกำแพง,50130
35,50131,10,ห้วยทราย,50130
35,50140,01,หนองแฝก,50140
35,50140,02,ขัวมุง,50140
35,50140,03,ชมภู,50140
35,50140,04,ไชยสถาน,50140
35,50140,05,ดอนแก้ว,50140
35,50140,06,ท่ากว้าง,50140
35,50140,07,ท่าวังตาล,50140
35,50140,08,ป่าบง,50140
35,50140,09,ยางเนิ้ง,50140
35,50140,10,สันทราย,50140
35,50140,11,สารภี,50140
35,50140,12,หนองผึ้ง,50140
35,50150,01,อินทขิล,50150
35,50150,02,กื้ดช้าง,50150
35,50150,03,ขี้เหล็ก,50150
35,50150,04,ช่อแล,50150
35,50150,05,บ้านช้าง,50150
35,50150,06,บ้านเป้า,50150
35,50150,07,ป่าแป๋,50150
35,50150,08,เมืองก๋าย,50150
35,50150,09,แม่แตง,50150
35,50150,10,แม่หอพระ,50150
35,50150,11,สบเปิง,50150
35,50150,12,สมก๋าย,50150
35,50150,13,สันป่ายาง,50150
35,50150,14,สันมหาพน,50150
35,50160,01,สบเตี๊ยะ,50160
35,50160,02,ข่วงเปา,50160
35,50160,03,ดอยแก้ว,50160
35,50160,04,บ้านแปะ,50160
35,50160,05,บ้านหลวง,50160
35,50160,06,แม่สอย,50160
35,50161,01,สันติสุข,50160
35,50161,02,ดอยหล่อ,50160
35,50161,03,ยางคราม,50160
35,50161,04,สองแคว,50160
35,50170,01,แม่นะ,50170
35,50170,02,เชียงดาว,50170
35,50170,03,ทุ่งข้าวพวง,50170
35,50170,04,ปิงโค้ง,50170
35,50170,05,เมืองคอง,50170
35,50170,06,เมืองงาย,50170
35,50170,07,เมืองนะ,50170
35,50180,01,เหมืองแก้ว,50180
35,50180,02,ขี้เหล็ก,50180
35,50180,03,ดอนแก้ว,50180
35,50180,04,โป่งแยง,50180
35,50180,05,แม่แรม,50180
35,50180,06,แม่สา,50180
35,50180,07,ริมใต้,50180
35,50180,08,ริมเหนือ,50180
35,50180,09,สะลวง,50180
35,50180,10,สันโป่ง,50180
35,50180,11,ห้วยทราย,50180
35,50190,01,โหล่งขอด,50190
35,50190,02,เขื่อนผาก,50190
35,50190,03,ทุ่งหลวง,50190
35,50190,04,น้ำแพร่,50190
35,50190,05,บ้านโป่ง,50190
35,50190,06,ป่าตุ้ม,50190
35,50190,07,ป่าไหน่,50190
35,50190,08,แม่ปั๋ง,50190
35,50190,09,แม่แวน,50190
35,50190,10,เวียง,50190
35,50190,11,สันทราย,50190
35,50210,01,หนองแหย่ง,50210
35,50210,02,ป่าไผ่,50210
35,50210,03,เมืองเล็น,50210
35,50210,04,แม่แฝก,50210
35,50210,05,แม่แฝกใหม่,50210
35,50210,06,สันทรายน้อย,50210
35,50210,07,สันทรายหลวง,50210
35,50210,08,สันนาเม็ง,50210
35,50210,09,สันป่าเปา,50210
35,50210,10,สันพระเนตร,50210
35,50210,11,หนองจ๊อม,50210
35,50210,12,หนองหาร,50210
35,50220,01,สำราญราษฎร์,50220
35,50220,02,เชิงดอย,50220
35,50220,03,ตลาดขวัญ,50220
35,50220,04,ตลาดใหญ่,50220
35,50220,05,เทพเสด็จ,50220
35,50220,06,ป่าป้อง,50220
35,50220,07,ป่าเมี่ยง,50220
35,50220,08,ป่าลาน,50220
35,50220,09,แม่คือ,50220
35,50220,10,แม่โป่ง,50220
35,50220,11,แม่ฮ้อยเงิน,50220
35,50220,12,ลวงเหนือ,50220
35,50220,13,สง่าบ้าน,50220
35,50220,14,สันปูเลย,50220
35,50230,01,หารแก้ว,50230
35,50230,02,ขุนคง,50230
35,50230,03,น้ำแพร่,50230
35,50230,04,บ้านปง,50230
35,50230,05,บ้านแหวน,50230
35,50230,06,สบแม่ข่า,50230
35,50230,07,สันผักหวาน,50230
35,50230,08,หนองแก๋ว,50230
35,50230,09,หนองควาย,50230
35,50230,10,หนองตอง,50230
35,50230,11,หางดง,50230
35,50240,01,ฮอด,50240
35,50240,02,นาคอเรือ,50240
35,50240,03,บ่อสลี,50240
35,50240,04,บ่อหลวง,50240
35,50240,05,บ้านตาล,50240
35,50240,06,หางดง,50240
35,50250,01,สะเมิงเหนือ,50250
35,50250,02,บ่อแก้ว,50250
35,50250,03,แม่สาบ,50250
35,50250,04,ยั้งเมิน,50250
35,50250,05,สะเมิงใต้,50250
35,50260,01,มืดกา,50260
35,50260,02,ดอยเต่า,50260
35,50260,03,บงตัน,50260
35,50260,04,บ้านแอ่น,50260
35,50260,05,โปงทุ่ง,50260
35,50270,01,แม่ศึก,50270
35,50270,02,กองแขก,50270
35,50270,03,แจ่มหลวง,50270
35,50270,04,ช่างเคิ่ง,50270
35,50270,05,ท่าผา,50270
35,50270,06,บ้านจันทร์,50270
35,50270,07,บ้านทับ,50270
35,50270,08,ปางหินฝน,50270
35,50270,09,แม่แดด,50270
35,50270,10,แม่นาจร,50270
35,50280,01,สันต้นหมื้อ,50280
35,50280,02,ท่าตอน,50280
35,50280,03,บ้านหลวง,50280
35,50280,04,มะลิกา,50280
35,50280,05,แม่นาวาง,50280
35,50280,06,แม่สาว,50280
35,50280,07,แม่อาย,50280
35,50310,01,อมก๋อย,50310
35,50310,02,นาเกียน,50310
35,50310,03,ม่อนจอง,50310
35,50310,04,แม่ตื่น,50310
35,50310,05,ยางเปียง,50310
35,50310,06,สบโขง,50310
35,50320,01,หนองบัว,50320
35,50320,02,ปงตำ,50320
35,50320,03,แม่ทะลบ,50320
35,50320,04,ศรีดงเย็น,50320
35,50350,01,แสนไห,50350
35,50350,02,เปียงหลวง,50350
35,50350,03,เมืองแหง,50350
35,50360,01,แม่วิน,50360
35,50360,02,ดอนเปา,50360
35,50360,03,ทุ่งปี้,50360
35,50360,04,ทุ่งรวงทอง,50360
35,50360,05,บ้านกาด,50360
36,51000,01,อุโมงค์,51000
36,51000,02,ต้นธง,51000
36,51000,03,ในเมือง,51000
36,51000,04,บ้านกลาง,51000
36,51000,05,บ้านแป้น,51000
36,51000,06,ประตูป่า,51000
36,51000,07,ป่าสัก,51000
36,51000,08,มะเขือแจ้,51000
36,51000,09,ริมปิง,51000
36,51000,10,เวียงยอง,51000
36,51000,11,ศรีบัวบาน,51000
36,51000,12,หนองช้างคืน,51000
36,51000,13,หนองหนาม,51000
36,51000,14,เหมืองง่า,51000
36,51000,15,เหมืองจี้,51000
36,51110,01,ศรีวิชัย,51110
36,51110,02,ก้อ,51110
36,51110,03,ดงดำ,51110
36,51110,04,นาทราย,51110
36,51110,05,ป่าไผ่,51110
36,51110,06,แม่ตืน,51110
36,51110,07,แม่ลาน,51110
36,51110,08,ลี้,51110
36,51120,01,แม่แรง,51120
36,51120,02,ท่าตุ้ม,51120
36,51120,03,นครเจดีย์,51120
36,51120,04,น้ำดิบ,51120
36,51120,05,บ้านเรือน,51120
36,51120,06,ปากบ่อง,51120
36,51120,07,ป่าซาง,51120
36,51120,08,ม่วงน้อย,51120
36,51120,09,มะกอก,51120
36,51121,01,หนองล่อง,51180
36,51121,02,วังผาง,51180
36,51121,03,หนองยวง,51180
36,51130,01,เหล่ายาว,51130
36,51130,02,บ้านโฮ่ง,51130
36,51130,03,ป่าพลู,51130
36,51130,04,ศรีเตี้ย,51130
36,51130,05,หนองปลาสะวาย,51130
36,51140,01,ทาสบเส้า,51140
36,51140,02,ทากาศ,51140
36,51140,03,ทาขุมเงิน,51140
36,51140,04,ทาทุ่งหลวง,51140
36,51140,05,ทาปลาดุก,51140
36,51140,06,ทาแม่ลอบ,51140
36,51160,01,บ้านปวง,51160
36,51160,02,ตะเคียนปม,51160
36,51160,03,ทุ่งหัวช้าง,51160
36,51180,01,ห้วยยาบ,51180
36,51180,02,บ้านธิ,51180
37,52000,01,หัวเวียง,52000
37,52000,02,กล้วยแพะ,52000
37,52000,03,ชมพู,52000
37,52000,04,ต้นธงชัย,52000
37,52000,05,ทุ่งฝาย,52000
37,52000,06,นิคมพัฒนา,52000
37,52000,07,บ่อแฮ้ว,52000
37,52000,08,บ้านค่า,52000
37,52000,09,บ้านเป้า,52000
37,52000,10,บ้านแลง,52000
37,52000,11,บ้านเสด็จ,52000
37,52000,12,บ้านเอื้อม,52000
37,52000,13,บุญนาคพัฒนา,52000
37,52000,14,ปงแสนทอง,52000
37,52000,15,พระบาท,52000
37,52000,16,พิชัย,52000
37,52000,17,เวียงเหนือ,52000
37,52000,18,สบตุ๋ย,52000
37,52000,19,สวนดอก,52000
37,52110,01,หลวงเหนือ,52110
37,52110,02,นาแก,52110
37,52110,03,บ้านโป่ง,52110
37,52110,04,บ้านร้อง,52110
37,52110,05,บ้านหวด,52110
37,52110,06,บ้านแหง,52110
37,52110,07,บ้านอ้อน,52110
37,52110,08,ปงเตา,52110
37,52110,09,แม่ตีบ,52110
37,52110,10,หลวงใต้,52110
37,52120,01,วิเชตนคร,52120
37,52120,02,แจ้ห่ม,52120
37,52120,03,ทุ่งผึ้ง,52120
37,52120,04,บ้านสา,52120
37,52120,05,ปงดอน,52120
37,52120,06,เมืองมาย,52120
37,52120,07,แม่สุก,52120
37,52130,01,undefined,47160
37,52130,02,เกาะคา,52130
37,52130,03,ท่าผา,52130
37,52130,04,นาแก้ว,52130
37,52130,05,นาแส่ง,52130
37,52130,06,ลำปางหลวง,52130
37,52130,07,วังพร้าว,52130
37,52130,08,ศาลา,52130
37,52130,09,ใหม่พัฒนา,52130
37,52140,01,วังเหนือ,52140
37,52140,02,ทุ่งฮั้ว,52140
37,52140,03,ร่องเคาะ,52140
37,52140,04,วังแก้ว,52140
37,52140,05,วังซ้าย,52140
37,52140,06,วังใต้,52140
37,52140,07,วังทรายคำ,52140
37,52140,08,วังทอง,52140
37,52150,01,หัวเสือ,52150
37,52150,02,ดอนไฟ,52150
37,52150,03,นาครัว,52150
37,52150,04,น้ำโจ้,52150
37,52150,05,บ้านกิ่ว,52150
37,52150,06,บ้านบอม,52150
37,52150,07,ป่าตัน,52150
37,52150,08,แม่ทะ,52150
37,52150,09,วังเงิน,52150
37,52150,10,สันดอนแก้ว,52150
37,52160,01,เวียงมอก,52160
37,52160,02,เถินบุรี,52160
37,52160,03,นาโป่ง,52160
37,52160,04,แม่ถอด,52160
37,52160,05,แม่ปะ,52160
37,52160,06,แม่มอก,52160
37,52160,07,แม่วะ,52160
37,52160,08,ล้อมแรด,52160
37,52170,01,สมัย,52170
37,52170,02,นายาง,52170
37,52170,03,แม่กัวะ,52170
37,52170,04,สบปราบ,52170
37,52180,01,แม่พริก,52180
37,52180,02,ผาปัง,52180
37,52180,03,พระบาทวังตวง,52180
37,52180,04,แม่ปุ,52180
37,52190,01,ห้างฉัตร,52190
37,52190,02,ปงยางคก,52190
37,52190,03,เมืองยาว,52190
37,52190,04,แม่สัน,52190
37,52190,05,วอแก้ว,52190
37,52190,06,เวียงตาล,52190
37,52190,07,หนองหล่ม,52190
37,52210,01,เสริมซ้าย,52210
37,52210,02,ทุ่งงาม,52210
37,52210,03,เสริมกลาง,52210
37,52210,04,เสริมขวา,52210
37,52220,01,สบป้าน,52220
37,52220,02,จางเหนือ,52220
37,52220,03,นาสัก,52220
37,52220,04,บ้านดง,52220
37,52220,05,แม่เมาะ,52220
37,52240,01,หัวเมือง,52240
37,52240,02,แจ้ซ้อน,52240
37,52240,03,ทุ่งกว๋าว,52240
37,52240,04,บ้านขอ,52240
37,52240,05,เมืองปาน,52240
38,53000,01,หาดงิ้ว,53000
38,53000,02,ขุนฝาง,53000
38,53000,03,คุ้งตะเภา,53000
38,53000,04,งิ้วงาม,53000
38,53000,05,ถ้ำฉลอง,53000
38,53000,06,ท่าเสา,53000
38,53000,07,ท่าอิฐ,53000
38,53000,08,น้ำริด,53000
38,53000,09,บ้านเกาะ,53000
38,53000,10,บ้านด่าน,53000
38,53000,11,บ้านด่านนาขาม,53000
38,53000,12,ป่าเซ่า,53000
38,53000,13,ผาจุก,53000
38,53000,14,วังกะพี้,53000
38,53000,15,วังดิน,53000
38,53000,16,แสนตอ,53000
38,53000,17,หาดกรวด,53000
38,53110,01,ห้วยมุ่น,53110
38,53110,02,เด่นเหล็ก,53110
38,53110,03,น้ำไคร้,53110
38,53110,04,น้ำไผ่,53110
38,53110,05,บ้านฝาย,53110
38,53110,06,แสนตอ,53110
38,53120,01,ไร่อ้อย,53120
38,53120,02,คอรุม,53120
38,53120,03,ท่ามะเฟือง,53120
38,53120,04,ท่าสัก,53120
38,53120,05,นายาง,53120
38,53120,06,นาอิน,53120
38,53120,07,ในเมือง,53120
38,53120,08,บ้านโคน,53120
38,53120,09,บ้านดารา,53120
38,53120,10,บ้านหม้อ,53120
38,53120,11,พญาแมน,53120
38,53130,01,ศรีพนมมาศ,53130
38,53130,02,ชัยจุมพล,53130
38,53130,03,ด่านแม่คำมัน,53130
38,53130,04,ทุ่งยั้ง,53130
38,53130,05,นานกกก,53130
38,53130,06,ไผ่ล้อม,53130
38,53130,07,ฝายหลวง,53130
38,53130,08,แม่พูล,53130
38,53140,01,หาดสองแคว,53140
38,53140,02,ข่อยสูง,53140
38,53140,03,น้ำอ่าง,53140
38,53140,04,บ้านแก่ง,53140
38,53140,05,วังแดง,53140
38,53150,01,หาดล้า,53150
38,53150,02,จริม,53150
38,53150,03,ท่าปลา,53150
38,53150,04,ท่าแฝก,53150
38,53150,05,นางพญา,53150
38,53150,06,น้ำหมัน,53150
38,53150,07,ผาเลือด,53150
38,53150,08,ร่วมจิต,53150
38,53160,01,สองห้อง,53160
38,53160,02,บ้านเสี้ยว,53160
38,53160,03,ฟากท่า,53160
38,53160,04,สองคอน,53160
38,53180,01,ม่วงเจ็ดต้น,53180
38,53180,02,นาขุม,53180
38,53180,03,บ่อเบี้ย,53180
38,53180,04,บ้านโคก,53180
38,53230,01,ผักขวง,53230
38,53230,02,น้ำพี้,53230
38,53230,03,บ่อทอง,53230
38,53230,04,ป่าคาย,53230
39,54000,01,เหมืองหม้อ,54000
39,54000,02,กาญจนา,54000
39,54000,03,ช่อแฮ,54000
39,54000,04,ท่าข้าม,54000
39,54000,05,ทุ่งกวาว,54000
39,54000,06,ทุ่งโฮ้ง,54000
39,54000,07,นาจักร,54000
39,54000,08,นาชำ,54000
39,54000,09,ในเวียง,54000
39,54000,10,บ้านถิ่น,54000
39,54000,11,ป่าแดง,54000
39,54000,12,ป่าแมต,54000
39,54000,13,แม่คำมี,54000
39,54000,14,แม่ยม,54000
39,54000,15,แม่หล่าย,54000
39,54000,16,ร่องฟอง,54000
39,54000,17,วังธง,54000
39,54000,18,วังหงษ์,54000
39,54000,19,สวนเขื่อน,54000
39,54000,20,ห้วยม้า,54000
39,54110,01,ห้วยไร่,54110
39,54110,02,เด่นชัย,54110
39,54110,03,ไทรย้อย,54110
39,54110,04,ปงป่าหวาย,54110
39,54110,05,แม่จั๊วะ,54110
39,54120,01,หัวเมือง,54120
39,54120,02,แดนชุมพล,54120
39,54120,03,เตาปูน,54120
39,54120,04,ทุ่งน้าว,54120
39,54120,05,บ้านกลาง,54120
39,54120,06,บ้านหนุน,54120
39,54120,07,สะเอียบ,54120
39,54120,08,ห้วยหม้าย,54120
39,54130,01,หัวฝาย,54130
39,54130,02,ดอนมูล,54130
39,54130,03,น้ำชำ,54130
39,54130,04,บ้านกวาง,54130
39,54130,05,บ้านกาศ,54130
39,54130,06,บ้านปง,54130
39,54130,07,บ้านเหล่า,54130
39,54130,08,พระหลวง,54130
39,54130,09,ร่องกาศ,54130
39,54130,10,เวียงทอง,54130
39,54130,11,สบสาย,54130
39,54130,12,สูงเม่น,54130
39,54140,01,ห้วยโรง,54140
39,54140,02,ทุ่งศรี,54140
39,54140,03,น้ำเลา,54140
39,54140,04,บ้านเวียง,54140
39,54140,05,ไผ่โทน,54140
39,54140,06,แม่ทราย,54140
39,54140,07,แม่ยางตาล,54140
39,54140,08,แม่ยางร้อง,54140
39,54140,09,แม่ยางฮ่อ,54140
39,54140,10,ร้องกวาง,54140
39,54140,11,ร้องเข็ม,54140
39,54150,01,หัวทุ่ง,54150
39,54150,02,ต้าผามอก,54150
39,54150,03,ทุ่งแล้ง,54150
39,54150,04,บ่อเหล็กลอง,54150
39,54150,05,บ้านปิน,54150
39,54150,06,ปากกาง,54150
39,54150,07,แม่ปาน,54150
39,54150,08,เวียงต้า,54150
39,54150,09,ห้วยอ้อ,54150
39,54160,01,สรอย,54160
39,54160,02,นาพูน,54160
39,54160,03,ป่าสัก,54160
39,54160,04,แม่เกิ๋ง,54160
39,54160,05,แม่ป้าก,54160
39,54160,06,แม่พุง,54160
39,54160,07,วังชิ้น,54160
39,54170,01,หนองม่วงไข่,54170
39,54170,02,ตำหนักธรรม,54170
39,54170,03,ทุ่งแค้ว,54170
39,54170,04,น้ำรัด,54170
39,54170,05,แม่คำมี,54170
39,54170,06,วังหลวง,54170
40,55000,01,สะเนียน,55000
40,55000,02,กองควาย,55000
40,55000,03,ไชยสถาน,55000
40,55000,04,ดู่ใต้,55000
40,55000,05,ถืมตอง,55000
40,55000,06,นาชาว,55000
40,55000,07,ในเวียง,55000
40,55000,08,ปอ,55000
40,55000,09,ผาสิงห์,55000
40,55000,10,เรือง,55000
40,55000,11,บ่อสวก,55000
40,55001,01,เมืองจัง,55000
40,55001,02,ท่าน้าว,55000
40,55001,03,นาปัง,55000
40,55001,04,น้ำเกี๋ยน,55000
40,55001,05,น้ำแก่น,55000
40,55001,06,ฝายแก้ว,55000
40,55001,07,ม่วงตึ๊ด,55000
40,55110,01,อ่ายนาไลย,55110
40,55110,02,กลางเวียง,55110
40,55110,03,ขึ่ง,55110
40,55110,04,จอมจันทร์,55110
40,55110,05,ตาลชุม,55110
40,55110,06,ทุ่งศรีทอง,55110
40,55110,07,นาเหลือง,55110
40,55110,08,น้ำปั้ว,55110
40,55110,09,น้ำมวบ,55110
40,55110,10,ปงสนุก,55110
40,55110,11,แม่ขะนิง,55110
40,55110,12,แม่สา,55110
40,55110,13,แม่สาคร,55110
40,55110,14,ยาบหัวนา,55110
40,55110,15,ส้าน,55110
40,55110,16,ส้านนาหนองใหม่,55110
40,55110,17,ไหล่น่าน,55110
40,55120,01,อวน,55170
40,55120,02,แงง,55170
40,55120,03,เจดียชัย,55170
40,55120,04,ไชยวัฒนา,55170
40,55120,05,ปัว,55170
40,55120,06,ป่ากลาง,55170
40,55120,07,ภูคา,55170
40,55120,08,วรนคร,55170
40,55120,09,ศิลาเพชร,55170
40,55120,10,ศิลาแลง,55170
40,55120,11,สกาด,55170
40,55120,12,สถาน,55170
40,55130,01,และ,55130
40,55130,02,งอบ,55130
40,55130,03,ทุ่งช้าง,55130
40,55130,04,ปอน,55130
40,55131,01,ห้วยโก๋น,55130
40,55131,02,ขุนน่าน,55130
40,55140,01,แสนทอง,55140
40,55140,02,จอมพระ,55140
40,55140,03,ตาลชุม,55140
40,55140,04,ท่าวังผา,55140
40,55140,05,ป่าคา,55140
40,55140,06,ผาตอ,55140
40,55140,07,ผาทอง,55140
40,55140,08,ยม,55140
40,55140,09,ริม,55140
40,55140,10,ศรีภูมิ,55140
40,55150,01,สันทะ,55150
40,55150,02,เชียงของ,55150
40,55150,03,นาน้อย,55150
40,55150,04,น้ำตก,55150
40,55150,05,บัวใหญ่,55150
40,55150,06,ศรีษะเกษ,55150
40,55150,07,สถาน,55150
40,55160,01,พระพุทธบาท,55160
40,55160,02,เชียงกลาง,55160
40,55160,03,เชียงคาน,55160
40,55160,04,เปือ,55160
40,55160,05,พญาแก้ว,55160
40,55160,06,พระธาตุ,55160
40,55161,01,ยอด,55160
40,55161,02,ชนแดน,55160
40,55161,03,นาไร่หลวง,55160
40,55170,01,หมอเมือง,55110
40,55170,02,น้ำปาย,55110
40,55170,03,น้ำพาง,55110
40,55170,04,แม่จริม,55110
40,55170,05,หนองแดง,55110
40,55180,01,เมืองลี่,55180
40,55180,02,นาทะนุง,55180
40,55180,03,บ่อแก้ว,55180
40,55180,04,ปิงหลวง,55180
40,55190,01,สวด,55120
40,55190,02,บ้านพี้,55120
40,55190,03,บ้านฟ้า,55120
40,55190,04,ป่าคาหลวง,55120
40,55210,01,พงษ์,55000
40,55210,02,ดู่พงษ์,55000
40,55210,03,ป่าแลวหลวง,55000
40,55220,01,ภูฟ้า,55220
40,55220,02,ดงพญา,55220
40,55220,03,บ่อเกลือใต้,55220
40,55220,04,บ่อเกลือเหนือ,55220
41,56000,01,สันป่าม่วง,56000
41,56000,02,จำป่าหวาย,56000
41,56000,03,ท่าจำปี,56000
41,56000,04,ท่าวังทอง,56000
41,56000,05,บ้านต๋อม,56000
41,56000,06,บ้านต๊ำ,56000
41,56000,07,บ้านตุ่น,56000
41,56000,08,บ้านสาง,56000
41,56000,09,บ้านใหม่,56000
41,56000,10,แม่กา,56000
41,56000,11,แม่ต๋ำ,56000
41,56000,12,แม่นาเรือ,56000
41,56000,13,แม่ปีม,56000
41,56000,14,แม่ใส,56000
41,56000,15,เวียง,56000
41,56001,01,ห้วยแก้ว,56000
41,56001,02,ดงเจน,56000
41,56001,03,แม่อิง,56000
41,56110,01,อ่างทอง,56110
41,56110,02,เจดีย์คำ,56110
41,56110,03,เชียงบาน,56110
41,56110,04,ทุ่งผาสุข,56110
41,56110,05,น้ำแวน,56110
41,56110,06,ฝายกวาง,56110
41,56110,07,แม่ลาว,56110
41,56110,08,ร่มเย็น,56110
41,56110,09,เวียง,56110
41,56110,10,หย่วน,56110
41,56111,01,สบบง,56110
41,56111,02,เชียงแรง,56110
41,56111,03,ทุ่งกล้วย,56110
41,56111,04,ป่าสัก,56110
41,56111,05,ภูซาง,56110
41,56120,01,ห้วยลาน,56120
41,56120,02,คือเวียง,56120
41,56120,03,ดงสุวรรณ,56120
41,56120,04,ดอกคำใต้,56120
41,56120,05,ดอนศรีชุม,56120
41,56120,06,บ้านถ้ำ,56120
41,56120,07,บ้านปิน,56120
41,56120,08,บุญเกิด,56120
41,56120,09,ป่าซาง,56120
41,56120,10,สว่างอารมณ์,56120
41,56120,11,สันโค้ง,56120
41,56120,12,หนองหล่ม,56120
41,56130,01,ศรีถ้อย,56130
41,56130,02,เจริญราษฎร์,56130
41,56130,03,บ้านเหล่า,56130
41,56130,04,ป่าแฝก,56130
41,56130,05,แม่ใจ,56130
41,56130,06,แม่สุก,56130
41,56140,01,ออย,56140
41,56140,02,ขุนควร,56140
41,56140,03,ควร,56140
41,56140,04,งิม,56140
41,56140,05,นาปรัง,56140
41,56140,06,ปง,56140
41,56140,07,ผาช้างน้อย,56140
41,56150,01,ห้วยยางขาม,56150
41,56150,02,จุน,56150
41,56150,03,ทุ่งรวงทอง,56150
41,56150,04,พระธาตุขิงแกง,56150
41,56150,05,ลอ,56150
41,56150,06,หงส์หิน,56150
41,56150,07,ห้วยข้าวก่ำ,56150
41,56160,01,สระ,56160
41,56160,02,เชียงม่วน,56160
41,56160,03,บ้านมาง,56160
42,57000,01,ห้วยสัก,57000
42,57000,02,ดอยลาน,57000
42,57000,03,ดอยฮาง,57000
42,57000,04,ท่าสาย,57000
42,57000,05,ท่าสุด,57000
42,57000,06,นางแล,57000
42,57000,07,บ้านดู่,57000
42,57000,08,ป่าอ้อดอนชัย,57000
42,57000,09,แม่กรณ์,57000
42,57000,10,แม่ข้าวต้ม,57000
42,57000,11,แม่ยาว,57000
42,57000,12,รอบเวียง,57000
42,57000,13,ริมกก,57000
42,57000,14,เวียง,57000
42,57000,15,สันทราย,57000
42,57000,16,ห้วยชมภู,57000
42,57110,01,แม่สลองใน,57110
42,57110,02,เทอดไทย,57110
42,57110,03,แม่ฟ้าหลวง,57110
42,57110,04,แม่สลองนอก,57110
42,57111,01,หนองป่าก่อ,57110
42,57111,02,โชคชัย,57110
42,57111,03,ปงน้อย,57110
42,57112,01,สันทราย,57110
42,57112,02,จอมสวรรค์,57110
42,57112,03,จันจว้า,57110
42,57112,04,จันจว้าใต้,57110
42,57112,05,ท่าข้าวเปลือก,57110
42,57112,06,ป่าซาง,57110
42,57112,07,ป่าตึง,57110
42,57112,08,แม่คำ,57110
42,57112,09,แม่จัน,57110
42,57112,10,แม่ไร่,57110
42,57112,11,ศรีค้ำ,57110
42,57120,01,หัวง้ม,57120
42,57120,02,เจริญเมือง,57120
42,57120,03,ดอยงาม,57120
42,57120,04,ทรายขาว,57120
42,57120,05,ทานตะวัน,57120
42,57120,06,ธารทอง,57120
42,57120,07,ป่าหุ่ง,57120
42,57120,08,ม่วงคำ,57120
42,57120,09,เมืองพาน,57120
42,57120,10,แม่เย็น,57120
42,57120,11,แม่อ้อ,57120
42,57120,12,เวียงห้าว,57120
42,57120,13,สันกลาง,57120
42,57120,14,สันติสุข,57120
42,57120,15,สันมะเค็ด,57120
42,57130,01,ห้วยไคร้,57130
42,57130,02,เกาะช้าง,57130
42,57130,03,บ้านด้าย,57130
42,57130,04,โป่งงาม,57130
42,57130,05,โป่งผา,57130
42,57130,06,แม่สาย,57130
42,57130,07,เวียงพางคำ,57130
42,57130,08,ศรีเมืองชุม,57130
42,57140,01,ห้วยซ้อ,57140
42,57140,02,ครึ่ง,57140
42,57140,03,บุญเรือง,57140
42,57140,04,ริมโขง,57140
42,57140,05,เวียง,57140
42,57140,06,ศรีดอนชัย,57140
42,57140,07,สถาน,57140
42,57150,01,ศรีดอนมูล,57150
42,57150,02,บ้านแซว,57150
42,57150,03,ป่าสัก,57150
42,57150,04,แม่เงิน,57150
42,57150,05,โยนก,57150
42,57150,06,เวียง,57150
42,57160,01,หนองแรด,57160
42,57160,02,งิ้ว,57160
42,57160,03,เชียงเคี่ยน,57160
42,57160,04,ตับเต่า,57160
42,57160,05,ปล้อง,57160
42,57160,06,แม่ลอย,57160
42,57160,07,เวียง,57160
42,57160,08,ศรีดอนไชย,57160
42,57160,09,สันทรายงาม,57160
42,57160,10,หงาว,57160
42,57170,01,สันสลี,57170
42,57170,02,บ้านโป่ง,57170
42,57170,03,ป่างิ้ว,57170
42,57170,04,แม่เจดีย์,57170
42,57170,05,แม่เจดีย์ใหม่,57170
42,57170,06,เวียง,57170
42,57170,07,เวียงกาหลง,57170
42,57180,01,ศรีถ้อย,57180
42,57180,02,เจดีย์หลวง,57180
42,57180,03,ท่าก๊อ,57180
42,57180,04,ป่าแดด,57180
42,57180,05,แม่พริก,57180
42,57180,06,แม่สรวย,57180
42,57180,07,วาวี,57180
42,57190,01,สันมะค่า,57190
42,57190,02,ป่าแงะ,57190
42,57190,03,ป่าแดด,57190
42,57190,04,โรงช้าง,57190
42,57190,05,ศรีโพธิ์เงิน,57190
42,57210,01,เวียงเหนือ,57210
42,57210,02,ดอนศิลา,57210
42,57210,03,ผางาม,57210
42,57210,04,เมืองชุม,57210
42,57210,05,เวียงชัย,57210
42,57211,01,ป่าซาง,57110
42,57211,02,ดงมหาวัน,57110
42,57211,03,ทุ่งก่อ,57110
42,57250,01,โป่งแพร่,57100
42,57250,02,จอมหมอกแก้ว,57100
42,57250,03,ดงมะดะ,57100
42,57250,04,บัวสลี,57100
42,57250,05,ป่าก่อดำ,57100
42,57290,01,ไม้ยา,57290
42,57290,02,ตาดควัน,57290
42,57290,03,เม็งราย,57290
42,57290,04,แม่ต๋ำ,57290
42,57290,05,แม่เปา,57290
42,57310,01,หล่ายงาว,57140
42,57310,02,ท่าข้าม,57140
42,57310,03,ปอ,57140
42,57310,04,ม่วงยาย,57140
42,57340,01,ยางฮอม,57340
42,57340,02,ต้า,57340
42,57340,03,ป่าตาล,57340
43,58000,01,ห้วยผา,58000
43,58000,02,จองคำ,58000
43,58000,03,ปางหมู,58000
43,58000,04,ผาบ่อง,58000
43,58000,05,หมอกจำแป่,58000
43,58000,06,ห้วยปูลิง,58000
43,58000,07,ห้วยโป่ง,58000
43,58110,01,เสาหิน,58110
43,58110,02,บ้านกาศ,58110
43,58110,03,ป่าแป๋,58110
43,58110,04,แม่คง,58110
43,58110,05,แม่ยวม,58110
43,58110,06,แม่สะเรียง,58110
43,58110,07,แม่เหาะ,58110
43,58111,01,สบเมย,58110
43,58111,02,กองก๋อย,58110
43,58111,03,ป่าโปง,58110
43,58111,04,แม่คะตวน,58110
43,58111,05,แม่สวด,58110
43,58111,06,แม่สามแลบ,58110
43,58120,01,ห้วยห้อม,58120
43,58120,02,ขุนแม่ลาน้อย,58120
43,58120,03,ท่าผาปุ้ม,58120
43,58120,04,แม่โถ,58120
43,58120,05,แม่นาจาง,58120
43,58120,06,แม่ลาน้อย,58120
43,58120,07,แม่ลาหลวง,58120
43,58120,08,สันติคีรี,58120
43,58130,01,เวียงเหนือ,58130
43,58130,02,ทุ่งยาว,58130
43,58130,03,โป่งสา,58130
43,58130,04,เมืองแปง,58130
43,58130,05,แม่นาเติง,58130
43,58130,06,แม่ฮี้,58130
43,58130,07,เวียงใต้,58130
43,58140,01,แม่อูคอ,58140
43,58140,02,ขุนยวม,58140
43,58140,03,เมืองปอน,58140
43,58140,04,แม่กิ๊,58140
43,58140,05,แม่เงา,58140
43,58140,06,แม่ยวมน้อย,58140
43,58150,01,สบป่อง,58150
43,58150,02,ถ้ำลอด,58150
43,58150,03,นาปู่ป้อม,58150
43,58150,04,ปางมะผ้า,58150
44,60000,01,หนองปลิง,60000
44,60000,02,กลางแดด,60000
44,60000,03,เกรียงไกร,60000
44,60000,04,แควใหญ่,60000
44,60000,05,ตะเคียนเลื่อน,60000
44,60000,06,นครสวรรค์ตก,60000
44,60000,07,นครสวรรค์ออก,60000
44,60000,08,บางพระหลวง,60000
44,60000,09,บางม่วง,60000
44,60000,10,บ้านแก่ง,60000
44,60000,11,บ้านมะเกลือ,60000
44,60000,12,บึงเสนาท,60000
44,60000,13,ปากน้ำโพ,60000
44,60000,14,พระนอน,60000
44,60000,15,วัดไทร,60000
44,60000,16,หนองกรด,60000
44,60000,17,หนองกระโดน,60000
44,60110,01,ห้วยใหญ่,60110
44,60110,02,ทุ่งทอง,60110
44,60110,03,ธารทหาร,60110
44,60110,04,วังบ่อ,60110
44,60110,05,หนองกลับ,60110
44,60110,06,หนองบัว,60110
44,60110,07,ห้วยถั่วใต้,60110
44,60110,08,ห้วยถั่วเหนือ,60110
44,60110,09,ห้วยร่วม,60110
44,60120,01,หนองกระเจา,60120
44,60120,02,เกยไชย,60120
44,60120,03,โคกหม้อ,60120
44,60120,04,ฆะมัง,60120
44,60120,05,ชุมแสง,60120
44,60120,06,ทับกฤช,60120
44,60120,07,ทับกฤชใต้,60120
44,60120,08,ท่าไม้,60120
44,60120,09,บางเคียน,60120
44,60120,10,ไผ่สิงห์,60120
44,60120,11,พันลาน,60120
44,60120,12,พิกุล,60120
44,60130,01,สระทะเล,60130
44,60130,02,เขากะลา,60130
44,60130,03,เขาทอง,60130
44,60130,04,ท่าน้ำอ้อย,60130
44,60130,05,น้ำทรง,60130
44,60130,06,นิคมเขาบ่อแก้ว,60130
44,60130,07,เนินมะกอก,60130
44,60130,08,พยุหะ,60130
44,60130,09,ม่วงหัก,60130
44,60130,10,ยางขาว,60130
44,60130,11,ย่านมัทรี,60130
44,60140,01,หัวหวาย,60140
44,60140,02,จันเสน,60140
44,60140,03,ช่องแค,60140
44,60140,04,ตาคลี,60140
44,60140,05,พรหมนิมิต,60140
44,60140,06,ลาดทิพรส,60140
44,60140,07,สร้อยทอง,60140
44,60140,08,หนองโพ,60140
44,60140,09,หนองหม้อ,60140
44,60140,10,ห้วยหอม,60140
44,60150,01,วังซ่าน,60150
44,60150,02,เขาชนกัน,60150
44,60150,03,แม่เลย์,60150
44,60150,04,แม่วงก์,60150
44,60151,01,ห้วยน้ำหอม,60150
44,60151,02,เนินขี้เหล็ก,60150
44,60151,03,บ้านไร่,60150
44,60151,04,มาบแก,60150
44,60151,05,ลาดยาว,60150
44,60151,06,วังม้า,60150
44,60151,07,วังเมือง,60150
44,60151,08,ศาลเจ้าไก่ต่อ,60150
44,60151,09,สร้อยละคร,60150
44,60151,10,สระแก้ว,60150
44,60151,11,หนองนมวัว,60150
44,60151,12,หนองยาว,60150
44,60152,01,แม่เปิน,60150
44,60153,01,ปางสวรรค์,60150
44,60153,02,ชุมตาบง,60150
44,60160,01,หัวถนน,60160
44,60160,02,ดอนคา,60160
44,60160,03,ท่าตะโก,60160
44,60160,04,ทำนบ,60160
44,60160,05,พนมรอก,60160
44,60160,06,พนมเศษ,60160
44,60160,07,วังมหากร,60160
44,60160,08,วังใหญ่,60160
44,60160,09,สายลำโพง,60160
44,60160,10,หนองหลวง,60160
44,60170,01,หาดสูง,60170
44,60170,02,โกรกพระ,60170
44,60170,03,นากลาง,60170
44,60170,04,เนินกว้าว,60170
44,60170,05,เนินศาลา,60170
44,60170,06,บางประมุง,60170
44,60170,07,บางมะฝ่อ,60170
44,60170,08,ยางตาล,60170
44,60170,09,ศาลาแดง,60170
44,60180,01,อ่างทอง,60180
44,60180,02,เจริญผล,60180
44,60180,03,ด่านช้าง,60180
44,60180,04,ตาขีด,60180
44,60180,05,ตาสัง,60180
44,60180,06,ท่างิ้ว,60180
44,60180,07,บางแก้ว,60180
44,60180,08,บางตาหงาย,60180
44,60180,09,บ้านแดน,60180
44,60180,10,บึงปลาทู,60180
44,60180,11,หนองกรด,60180
44,60180,12,หนองตางู,60180
44,60180,13,หูกวาง,60180
44,60190,01,อุดมธัญญา,60190
44,60190,02,เขาชายธง,60190
44,60190,03,ตากฟ้า,60190
44,60190,04,พุนกยูง,60190
44,60190,05,ลำพยนต์,60190
44,60190,06,สุขสำราญ,60190
44,60190,07,หนองพิกุล,60190
44,60220,01,สำโรงชัย,60220
44,60220,02,โคกเดื่อ,60220
44,60220,03,ตะคร้อ,60220
44,60220,04,นาขอม,60220
44,60220,05,โพธิ์ประสาท,60220
44,60220,06,ไพศาลี,60220
44,60220,07,วังข่อย,60220
44,60220,08,วังน้ำลัด,60220
44,60230,01,หัวดง,60230
44,60230,02,เก้าเลี้ยว,60230
44,60230,03,เขาดิน,60230
44,60230,04,มหาโพธิ,60230
44,60230,05,หนองเต่า,60230
45,61000,01,อุทัยใหม่,61000
45,61000,02,เกาะเทโพ,61000
45,61000,03,ดอนขวาง,61000
45,61000,04,ท่าซุง,61000
45,61000,05,ทุ่งใหญ่,61000
45,61000,06,น้ำซึม,61000
45,61000,07,เนินแจง,61000
45,61000,08,โนนเหล็ก,61000
45,61000,09,สะแกกรัง,61000
45,61000,10,หนองแก,61000
45,61000,11,หนองเต่า,61000
45,61000,12,หนองไผ่แบน,61000
45,61000,13,หนองพังค่า,61000
45,61000,14,หาดทนง,61000
45,61110,01,อุทัยเก่า,61110
45,61110,02,เขากวางทอง,61110
45,61110,03,เขาบางแกรก,61110
45,61110,04,ทุ่งพง,61110
45,61110,05,ทุ่งโพ,61110
45,61110,06,บ้านเก่า,61110
45,61110,07,หนองฉาง,61110
45,61110,08,หนองนางนวล,61110
45,61110,09,หนองยาง,61110
45,61110,10,หนองสรวง,61110
45,61120,01,หนองหญ้าปล้อง,61120
45,61120,02,เขาขี้ฝอย,61120
45,61120,03,โคกหม้อ,61120
45,61120,04,ตลุกดู่,61120
45,61120,05,ทัพทัน,61120
45,61120,06,ทุ่งนาไทย,61120
45,61120,07,หนองกระทุ่ม,61120
45,61120,08,หนองกลางดง,61120
45,61120,09,หนองยายดา,61120
45,61120,10,หนองสระ,61120
45,61130,01,ห้วยรอบ,61130
45,61130,02,ดงขวาง,61130
45,61130,03,ดอนกลอย,61130
45,61130,04,ท่าโพ,61130
45,61130,05,ทุ่งพึ่ง,61130
45,61130,06,หนองขาหย่าง,61130
45,61130,07,หนองไผ่,61130
45,61130,08,หมกแถว,61130
45,61130,09,หลุมเข้า,61130
45,61140,01,หูช้าง,61140
45,61140,02,แก่นมะกรูด,61140
45,61140,03,คอกควาย,61140
45,61140,04,เจ้าวัด,61140
45,61140,05,ทัพหลวง,61140
45,61140,06,บ้านบึง,61140
45,61140,07,บ้านไร่,61140
45,61140,08,บ้านใหม่คลองเคียน,61140
45,61140,09,เมืองการุ้ง,61140
45,61140,10,วังหิน,61140
45,61140,11,หนองจอก,61140
45,61140,12,หนองบ่มกล้วย,61140
45,61140,13,ห้วยแห้ง,61140
45,61150,01,หนองหลวง,61150
45,61150,02,บ่อยาง,61150
45,61150,03,ไผ่เขียว,61150
45,61150,04,พลวงสองนาง,61150
45,61150,05,สว่างอารมณ์,61150
45,61160,01,ลานสัก,61160
45,61160,02,ทุ่งนางาม,61160
45,61160,03,น้ำรอบ,61160
45,61160,04,ประดู่ยืน,61160
45,61160,05,ป่าอ้อ,61160
45,61160,06,ระบำ,61160
45,61170,01,ห้วยคต,61170
45,61170,02,ทองหลาง,61170
45,61170,03,สุขฤทัย,61170
46,62000,01,อ่างทอง,62000
46,62000,02,คณฑี,62000
46,62000,03,คลองแม่ลาย,62000
46,62000,04,ไตรตรึงษ์,62000
46,62000,05,ทรงธรรม,62000
46,62000,06,ท่าขุนราม,62000
46,62000,07,เทพนคร,62000
46,62000,08,ธำมรงค์,62000
46,62000,09,นครชุม,62000
46,62000,10,นาบ่อคำ,62000
46,62000,11,นิคมทุ่งโพธิ์ทะเล,62000
46,62000,12,ในเมือง,62000
46,62000,13,ลานดอกไม้,62000
46,62000,14,วังทอง,62000
46,62000,15,สระแก้ว,62000
46,62000,16,หนองปลิง,62000
46,62001,01,ลานดอกไม้ตก,62000
46,62001,02,โกสัมพี,62000
46,62001,03,เพชรชมภู,62000
46,62110,01,ห้วยยั้ง,62110
46,62110,02,เขาคีริส,62110
46,62110,03,คลองพิไกร,62110
46,62110,04,คุยบ้านโอง,62110
46,62110,05,ถ้ำกระต่ายทอง,62110
46,62110,06,ท่าไม้,62110
46,62110,07,พรานกระต่าย,62110
46,62110,08,วังควง,62110
46,62110,09,วังตะแบก,62110
46,62110,10,หนองหัววัว,62110
46,62120,01,หัวถนน,62120
46,62120,02,คลองขลุง,62120
46,62120,03,คลองสมบูรณ์,62120
46,62120,04,ท่าพุทรา,62120
46,62120,05,ท่ามะเขือ,62120
46,62120,06,แม่ลาด,62120
46,62120,07,วังแขม,62120
46,62120,08,วังไทร,62120
46,62120,09,วังบัว,62120
46,62120,10,วังยาง,62120
46,62121,01,หินดาต,62120
46,62121,02,ปางตาไว,62120
46,62121,03,โพธิ์ทอง,62120
46,62130,01,แสนตอ,62130
46,62130,02,เกาะตาล,62130
46,62130,03,โค้งไผ่,62130
46,62130,04,ดอนแตง,62130
46,62130,05,บ่อถ้ำ,62130
46,62130,06,ปางมะค่า,62130
46,62130,07,ป่าพุทรา,62130
46,62130,08,ยางสูง,62130
46,62130,09,วังชะพลู,62130
46,62130,10,วังหามแห,62130
46,62130,11,สลกบาตร,62130
46,62150,01,หนองไม้กอง,62150
46,62150,02,ไทรงาม,62150
46,62150,03,พานทอง,62150
46,62150,04,มหาชัย,62150
46,62150,05,หนองคล้า,62150
46,62150,06,หนองทอง,62150
46,62150,07,หนองแม่แตง,62150
46,62170,01,หนองหลวง,62170
46,62170,02,จันทิมา,62170
46,62170,03,ช่องลม,62170
46,62170,04,โนนพลวง,62170
46,62170,05,บึงทับแรต,62170
46,62170,06,ประชาสุขสันต์,62170
46,62170,07,ลานกระบือ,62170
46,62180,01,สักงาม,62180
46,62180,02,คลองน้ำไหล,62180
46,62180,03,คลองลานพัฒนา,62180
46,62180,04,โป่งน้ำร้อน,62180
46,62190,01,ทุ่งทอง,62190
46,62190,02,ถาวรวัฒนา,62190
46,62190,03,ทุ่งทราย,62190
46,62210,01,วังชะโอน,62210
46,62210,02,เทพนิมิต,62210
46,62210,03,บึงสามัคคี,62210
46,62210,04,ระหาน,62210
47,63000,01,หัวเดียด,63000
47,63000,02,เชียงเงิน,63000
47,63000,03,ตลุกกลางทุ่ง,63000
47,63000,04,น้ำรึม,63000
47,63000,05,ป่ามะม่วง,63000
47,63000,06,โป่งแดง,63000
47,63000,07,แม่ท้อ,63000
47,63000,08,ไม้งาม,63000
47,63000,09,ระแหง,63000
47,63000,10,วังประจบ,63000
47,63000,11,วังหิน,63000
47,63000,12,หนองบัวใต้,63000
47,63000,13,หนองบัวเหนือ,63000
47,63000,14,หนองหลวง,63000
47,63001,01,ประดาง,63000
47,63001,02,เชียงทอง,63000
47,63001,03,นาโบสถ์,63000
47,63110,01,แม่สอด,63110
47,63110,02,ด่านแม่ละเมา,63110
47,63110,03,ท่าสายลวด,63110
47,63110,04,พระธาตุผาแดง,63110
47,63110,05,พะวอ,63110
47,63110,06,มหาวัน,63110
47,63110,07,แม่กาษา,63110
47,63110,08,แม่กุ,63110
47,63110,09,แม่ตาว,63110
47,63110,10,แม่ปะ,63110
47,63120,01,สมอโคน,63120
47,63120,02,เกาะตะเภา,63120
47,63120,03,ตากตก,63120
47,63120,04,ตากออก,63120
47,63120,05,ท้องฟ้า,63120
47,63120,06,ทุ่งกระเซาะ,63120
47,63120,07,แม่สลิด,63120
47,63130,01,สามเงา,63130
47,63130,02,บ้านนา,63130
47,63130,03,ยกกระบัตร,63130
47,63130,04,ย่านรี,63130
47,63130,05,วังจันทร์,63130
47,63130,06,วังหมัน,63130
47,63140,01,สามหมื่น,63140
47,63140,02,ขะเนจื้อ,63140
47,63140,03,พระธาตุ,63140
47,63140,04,แม่จะเรา,63140
47,63140,05,แม่ตื่น,63140
47,63140,06,แม่ระมาด,63140
47,63150,01,แม่อุสุ,63150
47,63150,02,ท่าสองยาง,63150
47,63150,03,แม่ต้าน,63150
47,63150,04,แม่วะหลวง,63150
47,63150,05,แม่สอง,63150
47,63150,06,แม่หละ,63150
47,63160,01,วาเล่ย์,63160
47,63160,02,คีรีราษฎร์,63160
47,63160,03,ช่องแคบ,63160
47,63160,04,พบพระ,63160
47,63160,05,รวมไทยพัฒนา,63160
47,63170,01,อุ้มผาง,63170
47,63170,02,แม่กลอง,63170
47,63170,03,แม่จัน,63170
47,63170,04,แม่ละมุ้ง,63170
47,63170,05,โมโกร,63170
47,63170,06,หนองหลวง,63170
48,64000,01,วังทองแดง,64000
48,64000,02,ตาลเตี้ย,64000
48,64000,03,ธานี,64000
48,64000,04,บ้านกล้วย,64000
48,64000,05,บ้านสวน,64000
48,64000,06,บ้านหลุม,64000
48,64000,07,ปากแคว,64000
48,64000,08,ปากพระ,64000
48,64000,09,เมืองเก่า,64000
48,64000,10,ยางซ้าย,64000
48,64110,01,หนองกลับ,64110
48,64110,02,คลองกระจง,64110
48,64110,03,คลองยาง,64110
48,64110,04,ท่าทอง,64110
48,64110,05,นาทุ่ง,64110
48,64110,06,ในเมือง,64110
48,64110,07,ปากน้ำ,64110
48,64110,08,ป่ากุมเกาะ,64110
48,64110,09,เมืองบางขลัง,64110
48,64110,10,เมืองบางยม,64110
48,64110,11,เมืองสวรรคโลก,64110
48,64110,12,ย่านยาว,64110
48,64110,13,วังพิณพาทย์,64110
48,64110,14,วังไม้ขอน,64110
48,64120,01,สามเรือน,64120
48,64120,02,เกาะตาเลี้ยง,64120
48,64120,03,คลองตาล,64120
48,64120,04,ทับผึ้ง,64120
48,64120,05,นาขุนไกร,64120
48,64120,06,บ้านซ่าน,64120
48,64120,07,บ้านนา,64120
48,64120,08,บ้านไร่,64120
48,64120,09,ราวต้นจันทร์,64120
48,64120,10,วังทอง,64120
48,64120,11,วังลึก,64120
48,64120,12,วังใหญ่,64120
48,64120,13,วัดเกาะ,64120
48,64130,01,หาดเสี้ยว,64130
48,64130,02,ดงคู่,64130
48,64130,03,ท่าชัย,64130
48,64130,04,บ้านแก่ง,64130
48,64130,05,บ้านตึก,64130
48,64130,06,ป่างิ้ว,64130
48,64130,07,แม่สำ,64130
48,64130,08,แม่สิน,64130
48,64130,09,ศรีสัชนาลัย,64130
48,64130,10,สารจิตร,64130
48,64130,11,หนองอ้อ,64130
48,64140,01,หนองหญ้าปล้อง,64140
48,64140,02,ตลิ่งชัน,64140
48,64140,03,บ้านด่าน,64140
48,64140,04,ลานหอย,64140
48,64140,05,วังตะคร้อ,64140
48,64140,06,วังน้ำขาว,64140
48,64140,07,วังลึก,64140
48,64150,01,บ้านใหม่ไชยมงคล,64150
48,64150,02,กลางดง,64150
48,64150,03,เขาแก้วศรีสมบูรณ์,64150
48,64150,04,ทุ่งเสลี่ยม,64150
48,64150,05,ไทยชนะศึก,64150
48,64160,01,หนองจิก,64160
48,64160,02,โตนด,64160
48,64160,03,ทุ่งยางเมือง,64160
48,64160,04,ทุ่งหลวง,64160
48,64160,05,นาเชิงคีรี,64160
48,64160,06,บ้านน้ำพุ,64160
48,64160,07,บ้านป้อม,64160
48,64160,08,ศรีคีรีมาศ,64160
48,64160,09,สามพวง,64160
48,64160,10,หนองกระดิ่ง,64160
48,64170,01,หนองตูม,64170
48,64170,02,กกแรต,64170
48,64170,03,กง,64170
48,64170,04,ไกรกลาง,64170
48,64170,05,ไกรนอก,64170
48,64170,06,ไกรใน,64170
48,64170,07,ดงเดือย,64170
48,64170,08,ท่าฉนวน,64170
48,64170,09,บ้านกร่าง,64170
48,64170,10,บ้านใหม่สุขเกษม,64170
48,64170,11,ป่าแฝก,64170
48,64180,01,หนองบัว,64180
48,64180,02,คลองมะพลับ,64180
48,64180,03,นครเดิฐ,64180
48,64180,04,น้ำขุม,64180
48,64180,05,ศรีนคร,64180
49,65000,01,อรัญญิก,65000
49,65000,02,งิ้วงาม,65000
49,65000,03,จอมทอง,65000
49,65000,04,ดอนทอง,65000
49,65000,05,ท่าทอง,65000
49,65000,06,ท่าโพธิ์,65000
49,65000,07,ในเมือง,65000
49,65000,08,บ้านกร่าง,65000
49,65000,09,บ้านคลอง,65000
49,65000,10,บ้านป่า,65000
49,65000,11,บึงพระ,65000
49,65000,12,ปากโทก,65000
49,65000,13,ไผ่ขอดอน,65000
49,65000,14,พลายชุมพล,65000
49,65000,15,มะขามสูง,65000
49,65000,16,วังน้ำคู้,65000
49,65000,17,วัดจันทร์,65000
49,65000,18,วัดพริก,65000
49,65000,19,สมอแข,65000
49,65000,20,หัวรอ,65000
49,65110,01,สนามคลี,65110
49,65110,02,โคกสลุด,65110
49,65110,03,ท่าตาล,65110
49,65110,04,นครป่าหมาก,65110
49,65110,05,เนินกุ่ม,65110
49,65110,06,บางกระทุ่ม,65110
49,65110,07,บ้านไร่,65110
49,65110,08,ไผ่ล้อม,65110
49,65110,09,วัดตายม,65110
49,65120,01,ห้วยเฮี้ย,65120
49,65120,02,นครชุม,65120
49,65120,03,นครไทย,65120
49,65120,04,นาบัว,65120
49,65120,05,น้ำกุ่ม,65120
49,65120,06,เนินเพิ่ม,65120
49,65120,07,บ่อโพธิ์,65120
49,65120,08,บ้านพร้าว,65120
49,65120,09,บ้านแยง,65120
49,65120,10,ยางโกลน,65120
49,65120,11,หนองกะท้าว,65120
49,65130,01,หนองพระ,65130
49,65130,02,แก่งโสภา,65130
49,65130,03,ชัยนาม,65130
49,65130,04,ดินทอง,65130
49,65130,05,ท่าหมื่นราม,65130
49,65130,06,บ้านกลาง,65130
49,65130,07,พันชาลี,65130
49,65130,08,แม่ระกา,65130
49,65130,09,วังทอง,65130
49,65130,10,วังนกแอ่น,65130
49,65130,11,วังพิกุล,65130
49,65140,01,หนองกุลา,65140
49,65140,02,คุยม่วง,65140
49,65140,03,ชุมแสงสงคราม,65140
49,65140,04,ท่านางงาม,65140
49,65140,05,นิคมพัฒนา,65140
49,65140,06,บ่อทอง,65140
49,65140,07,บางระกำ,65140
49,65140,08,บึงกอก,65140
49,65140,09,ปลักแรด,65140
49,65140,10,พันเสา,65140
49,65140,11,วังอิทก,65140
49,65150,01,หอกลอง,65150
49,65150,02,ดงประคำ,65150
49,65150,03,ตลุกเทียม,65150
49,65150,04,ทับยายเชียง,65150
49,65150,05,ท่าช้าง,65150
49,65150,06,พรหมพิราม,65150
49,65150,07,มะต้อง,65150
49,65150,08,มะตูม,65150
49,65150,09,วงฆ้อง,65150
49,65150,10,วังวน,65150
49,65150,11,ศรีภิรมย์,65150
49,65150,12,หนองแขม,65150
49,65160,01,หินลาด,65160
49,65160,02,คันโช้ง,65160
49,65160,03,ท้อแท้,65160
49,65160,04,ท่างาม,65160
49,65160,05,บ้านยาง,65160
49,65160,06,วัดโบสถ์,65160
49,65170,01,สวนเมี่ยง,65170
49,65170,02,ชาติตระการ,65170
49,65170,03,ท่าสะแก,65170
49,65170,04,บ่อภาค,65170
49,65170,05,บ้านดง,65170
49,65170,06,ป่าแดง,65170
49,65190,01,วังยาง,65190
49,65190,02,ชมพู,65190
49,65190,03,ไทรย้อย,65190
49,65190,04,เนินมะปราง,65190
49,65190,05,บ้านน้อยซุ้มขี้เหล็ก,65190
49,65190,06,บ้านมุง,65190
49,65190,07,วังโพรง,65190
50,66000,01,หัวดง,66000
50,66000,02,คลองคะเชนทร์,66000
50,66000,03,ฆะมัง,66000
50,66000,04,ดงกลาง,66000
50,66000,05,ดงป่าคำ,66000
50,66000,06,ท่าหลวง,66000
50,66000,07,ท่าฬอ,66000
50,66000,08,ในเมือง,66000
50,66000,09,บ้านบุ่ง,66000
50,66000,10,ปากทาง,66000
50,66000,11,ป่ามะคาบ,66000
50,66000,12,ไผ่ขวาง,66000
50,66000,13,เมืองเก่า,66000
50,66000,14,ย่านยาว,66000
50,66000,15,โรงช้าง,66000
50,66000,16,สายคำโห้,66000
50,66110,01,ห้วยเกตุ,66110
50,66110,02,คลองคูณ,66110
50,66110,03,งิ้วราย,66110
50,66110,04,ดงตะขบ,66110
50,66110,05,ตะพานหิน,66110
50,66110,06,ทับหมัน,66110
50,66110,07,ทุ่งโพธิ์,66110
50,66110,08,ไทรโรงโขน,66110
50,66110,09,ไผ่หลวง,66110
50,66110,10,วังสำโรง,66110
50,66110,11,วังหลุม,66110
50,66110,12,วังหว้า,66110
50,66110,13,หนองพยอม,66110
50,66120,01,หอไกร,66120
50,66120,02,เนินมะกอก,66120
50,66120,03,บางไผ่,66120
50,66120,04,บางมูลนาก,66120
50,66120,05,ภูมิ,66120
50,66120,06,ลำประดา,66120
50,66120,07,วังกรด,66120
50,66120,08,วังตะกู,66120
50,66120,09,วังสำโรง,66120
50,66120,10,ห้วยเขน,66120
50,66130,01,วัดขวาง,66130
50,66130,02,ทะนง,66130
50,66130,03,ท่าขมิ้น,66130
50,66130,04,ท่านั่ง,66130
50,66130,05,ท่าบัว,66130
50,66130,06,ท้ายน้ำ,66130
50,66130,07,ท่าเสา,66130
50,66130,08,ทุ่งน้อย,66130
50,66130,09,บางคลาน,66130
50,66130,10,บ้านน้อย,66130
50,66130,11,โพทะเล,66130
50,66131,01,แหลมรัง,66130
50,66131,02,บางลาย,66130
50,66131,03,บึงนาราง,66130
50,66131,04,โพธิ์ไทรงาม,66130
50,66131,05,ห้วยแก้ว,66130
50,66140,01,หนองโสน,66140
50,66140,02,กำแพงดิน,66140
50,66140,03,เนินปอ,66140
50,66140,04,รังนก,66140
50,66140,05,สามง่าม,66140
50,66141,01,หนองหลุม,66220
50,66141,02,บ้านนา,66220
50,66141,03,บึงบัว,66220
50,66141,04,วังโมกข์,66220
50,66150,01,ท้ายทุ่ง,66150
50,66150,02,เขาเจ็ดลูก,66150
50,66150,03,เขาทราย,66150
50,66150,04,ทับคล้อ,66150
50,66160,01,หนองหญ้าไทร,66160
50,66160,02,คลองทราย,66160
50,66160,03,ท่าเยี่ยม,66160
50,66160,04,วังทับไทร,66160
50,66160,05,สากเหล็ก,66160
50,66180,01,หนองพระ,66180
50,66180,02,วังทรายพูน,66180
50,66180,03,หนองปล้อง,66180
50,66180,04,หนองปลาไหล,66180
50,66190,01,วังจิก,66190
50,66190,02,ดงเสือเหลือง,66190
50,66190,03,ทุ่งใหญ่,66190
50,66190,04,เนินสว่าง,66190
50,66190,05,ไผ่ท่าโพ,66190
50,66190,06,ไผ่รอบ,66190
50,66190,07,โพธิ์ประทับช้าง,66190
50,66210,01,ห้วยร่วม,66210
50,66210,02,วังงิ้ว,66210
50,66210,03,วังงิ้วใต้,66210
50,66210,04,สำนักขุนเณร,66210
50,66210,05,ห้วยพุก,66210
51,67000,01,ห้วยใหญ่,67000
51,67000,02,ชอนไพร,67000
51,67000,03,ดงมูลเหล็ก,67000
51,67000,04,ตะเบาะ,67000
51,67000,05,ท่าพล,67000
51,67000,06,นางั่ว,67000
51,67000,07,นาป่า,67000
51,67000,08,นายม,67000
51,67000,09,น้ำร้อน,67000
51,67000,10,ในเมือง,67000
51,67000,11,บ้านโคก,67000
51,67000,12,บ้านโตก,67000
51,67000,13,ป่าเลา,67000
51,67000,14,ระวิง,67000
51,67000,15,วังชมภู,67000
51,67000,16,สะเดียง,67000
51,67000,17,ห้วยสะแก,67000
51,67110,01,ห้วยไร่,67110
51,67110,02,ช้างตะลูด,67110
51,67110,03,ตาลเดี่ยว,67110
51,67110,04,ท่าอิบุญ,67110
51,67110,05,น้ำก้อ,67110
51,67110,06,น้ำชุน,67110
51,67110,07,น้ำเฮี้ย,67110
51,67110,08,บ้านกลาง,67110
51,67110,09,บ้านติ้ว,67110
51,67110,10,บ้านไร่,67110
51,67110,11,บ้านโสก,67110
51,67110,12,บ้านหวาย,67110
51,67110,13,บุ่งคล้า,67110
51,67110,14,บุ่งน้ำเต้า,67110
51,67110,15,ปากช่อง,67110
51,67110,16,ปากดูก,67110
51,67110,17,ฝายนาแซง,67110
51,67110,18,ลานบ่า,67110
51,67110,19,วัดป่า,67110
51,67110,20,สักหลง,67110
51,67110,21,หนองไขว่,67110
51,67110,22,หนองสว่าง,67110
51,67110,23,หล่มสัก,67110
51,67120,01,หินฮาว,67120
51,67120,02,ตาดกลอย,67120
51,67120,03,นาเกาะ,67120
51,67120,04,นาซำ,67120
51,67120,05,นาแซง,67120
51,67120,06,บ้านเนิน,67120
51,67120,07,วังบาล,67120
51,67120,08,ศิลา,67120
51,67120,09,หล่มเก่า,67120
51,67130,01,สามแยก,67130
51,67130,02,โคกปรง,67130
51,67130,03,ซับน้อย,67130
51,67130,04,ซับสมบูรณ์,67130
51,67130,05,ท่าโรง,67130
51,67130,06,น้ำร้อน,67130
51,67130,07,บ่อรัง,67130
51,67130,08,บึงกระจับ,67130
51,67130,09,พุขาม,67130
51,67130,10,พุเตย,67130
51,67130,11,ภูน้ำหยด,67130
51,67130,12,ยางสาว,67130
51,67130,13,วังใหญ่,67130
51,67130,14,สระประดู่,67130
51,67140,01,ห้วยโป่ง,67140
51,67140,02,กองทูล,67140
51,67140,03,ท่าด้วง,67140
51,67140,04,ท่าแดง,67140
51,67140,05,นาเฉลียง,67140
51,67140,06,บ่อไทย,67140
51,67140,07,บัววัฒนา,67140
51,67140,08,บ้านโภชน์,67140
51,67140,09,เพชรละคร,67140
51,67140,10,ยางงาม,67140
51,67140,11,วังท่าดี,67140
51,67140,12,วังโบสถ์,67140
51,67140,13,หนองไผ่,67140
51,67150,01,ศาลาลาย,67150
51,67150,02,ชนแดน,67150
51,67150,03,ชับพุทรา,67150
51,67150,04,ดงขุย,67150
51,67150,05,ตะกุดไร,67150
51,67150,06,ท่าข้าม,67150
51,67150,07,บ้านกล้วย,67150
51,67150,08,พุทธบาท,67150
51,67150,09,ลาดแค,67150
51,67160,01,หนองแจง,67170
51,67160,02,กันจุ,67170
51,67160,03,ซับไม้แดง,67170
51,67160,04,ซับสมอทอด,67170
51,67160,05,บึงสามพัน,67170
51,67160,06,พญาวัง,67170
51,67160,07,วังพิกุล,67170
51,67160,08,ศรีมงคล,67170
51,67160,09,สระแก้ว,67170
51,67170,01,หนองย่างทอย,67170
51,67170,02,คลองกระจัง,67170
51,67170,03,โคกสะอาด,67170
51,67170,04,นาสนุ่น,67170
51,67170,05,ประดู่งาม,67170
51,67170,06,ศรีเทพ,67170
51,67170,07,สระกรวด,67170
51,67240,01,วังหิน,67240
51,67240,02,ซับเปิบ,67240
51,67240,03,ท้ายดง,67240
51,67240,04,วังโป่ง,67240
51,67240,05,วังศาล,67240
51,67260,01,หลักด่าน,67260
51,67260,02,โคกมน,67260
51,67260,03,น้ำหนาว,67260
51,67260,04,วังกวาง,67260
51,67270,01,หนองแม่นา,67270
51,67270,02,เข็กน้อย,67270
51,67270,03,เขาค้อ,67270
51,67270,04,แคมป์สน,67270
51,67270,05,ทุ่งสมอ,67270
51,67270,06,ริมสีม่วง,67270
51,67270,07,สะเดาะพง,67270
52,70000,01,อ่างทอง,70000
52,70000,02,เกาะพลับพลา,70000
52,70000,03,เขาแร้ง,70000
52,70000,04,คุ้งกระถิน,70000
52,70000,05,คุ้งน้ำวน,70000
52,70000,06,คูบัว,70000
52,70000,07,เจดีย์หัก,70000
52,70000,08,ดอนตะโก,70000
52,70000,09,ดอนแร่,70000
52,70000,10,ท่าราบ,70000
52,70000,11,น้ำพุ,70000
52,70000,12,บางป่า,70000
52,70000,13,บ้านไร่,70000
52,70000,14,พิกุลทอง,70000
52,70000,15,สามเรือน,70000
52,70000,16,หนองกลางนา,70000
52,70000,17,หน้าเมือง,70000
52,70000,18,หลุมดิน,70000
52,70000,19,ห้วยไผ่,70000
52,70000,20,หินกอง,70000
52,70000,50,พงสวาย,70000
52,70110,01,หนองอ้อ,70110
52,70110,02,กรับใหญ่,70110
52,70110,03,เขาขลุง,70110
52,70110,04,คุ้งพยอม,70110
52,70110,05,ดอนกระเบื้อง,70110
52,70110,06,ท่าผา,70110
52,70110,07,นครชุมน์,70110
52,70110,08,บ้านโป่ง,70110
52,70110,09,บ้านม่วง,70110
52,70110,10,เบิกไพร,70110
52,70110,11,ปากแรต,70110
52,70110,12,ลาดบัวขาว,70110
52,70110,13,สวนกล้วย,70110
52,70110,14,หนองกบ,70110
52,70110,15,หนองปลาหมอ,70110
52,70120,01,หนองโพ,70120
52,70120,02,เขาชะงุ้ม,70120
52,70120,03,คลองข่อย,70120
52,70120,04,คลองตาคต,70120
52,70120,05,เจ็ดเสมียน,70120
52,70120,06,ชำแระ,70120
52,70120,07,ดอนกระเบื้อง,70120
52,70120,08,ดอนทราย,70120
52,70120,09,เตาปูน,70120
52,70120,10,ท่าชุมพล,70120
52,70120,11,ธรรมเสน,70120
52,70120,12,นางแก้ว,70120
52,70120,13,บางโตนด,70120
52,70120,14,บ้านฆ้อง,70120
52,70120,15,บ้านเลือก,70120
52,70120,16,บ้านสิงห์,70120
52,70120,17,โพธาราม,70120
52,70120,18,สร้อยฟ้า,70120
52,70120,19,หนองกวาง,70120
52,70130,01,สี่หมื่น,70130
52,70130,02,ขุนพิทักษ์,70130
52,70130,03,ดอนกรวย,70130
52,70130,04,ดอนคลัง,70130
52,70130,05,ดอนไผ่,70130
52,70130,06,ดำเนินสะดวก,70130
52,70130,07,ตาหลวง,70130
52,70130,08,ท่านัด,70130
52,70130,09,บัวงาม,70130
52,70130,10,บ้านไร่,70130
52,70130,11,ประสาทสิทธิ์,70130
52,70130,12,แพงพวย,70130
52,70130,13,ศรีสุราษฎร์,70130
52,70140,01,อ่างหิน,70140
52,70140,02,ดอนทราย,70140
52,70140,03,ทุ่งหลวง,70140
52,70140,04,บ่อกระดาน,70140
52,70140,05,ปากท่อ,70140
52,70140,06,ป่าไก่,70140
52,70140,07,ยางหัก,70140
52,70140,08,วังมะนาว,70140
52,70140,09,วัดยางงาม,70140
52,70140,10,วันดาว,70140
52,70140,11,หนองกระทุ่ม,70140
52,70140,12,ห้วยยางโทน,70140
52,70150,01,รางบัว,70150
52,70150,02,แก้มอ้น,70150
52,70150,03,จอมบึง,70150
52,70150,04,ด่านทับตะโก,70150
52,70150,05,เบิกไพร,70150
52,70150,06,ปากช่อง,70150
52,70160,01,หัวโพ,70160
52,70160,02,ดอนคา,70160
52,70160,03,ดอนใหญ่,70160
52,70160,04,บางแพ,70160
52,70160,05,โพหัก,70160
52,70160,06,วังเย็น,70160
52,70160,07,วัดแก้ว,70160
52,70170,01,วัดเพลง,70170
52,70170,02,เกาะศาลพระ,70170
52,70170,03,จอมประทัด,70170
52,70180,01,สวนผึ้ง,70180
52,70180,02,ตะนาวศรี,70180
52,70180,03,ท่าเคย,70180
52,70180,04,ป่าหวาย,70180
52,70181,01,หนองพันจันทร์,70180
52,70181,02,บ้านคา,70180
52,70181,03,บ้านบึง,70180
53,71000,01,หนองหญ้า,71000
53,71000,02,เกาะสำโรง,71000
53,71000,03,แก่งเสี้ยน,71000
53,71000,04,ช่องสะเดา,71000
53,71000,05,ท่ามะขาม,71000
53,71000,06,บ้านเก่า,71000
53,71000,07,บ้านใต้,71000
53,71000,08,บ้านเหนือ,71000
53,71000,09,ปากแพรก,71000
53,71000,10,ลาดหญ้า,71000
53,71000,11,วังด้ง,71000
53,71000,12,วังเย็น,71000
53,71000,13,หนองบัว,71000
53,71110,01,หนองตากยา,71110
53,71110,02,เขาน้อย,71110
53,71110,03,ท่าตะคร้อ,71110
53,71110,04,ท่าม่วง,71110
53,71110,05,ท่าล้อ,71110
53,71110,06,ทุ่งทอง,71110
53,71110,07,บ้านใหม่,71110
53,71110,08,พังตรุ,71110
53,71110,09,ม่วงชุม,71110
53,71110,10,รางสาลี่,71110
53,71110,11,วังขนาย,71110
53,71110,12,วังศาลา,71110
53,71110,13,หนองขาว,71110
53,71120,01,อุโลกสี่หมื่น,71120
53,71120,02,เขาสามสิบหาบ,71120
53,71120,03,โคกตะบอง,71120
53,71120,04,ดอนขมิ้น,71120
53,71120,05,ดอนชะเอม,71120
53,71120,06,ตะคร้ำเอน,71120
53,71120,07,ท่ามะกา,71120
53,71120,08,ท่าไม้,71120
53,71120,09,ท่าเรือ,71120
53,71120,10,ท่าเสา,71120
53,71120,11,พงตึก,71120
53,71120,12,พระแท่น,71120
53,71120,13,ยางม่วง,71120
53,71120,14,สนามแย้,71120
53,71120,15,แสนตอ,71120
53,71120,16,หนองลาน,71120
53,71120,17,หวายเหนียว,71120
53,71140,01,หนองสาหร่าย,71140
53,71140,02,ดอนเจดีย์,71140
53,71140,03,ดอนตาเพชร,71140
53,71140,04,ทุ่งสมอ,71140
53,71140,05,พนมทวน,71140
53,71140,06,พังตรุ,71140
53,71140,07,รางหวาย,71140
53,71140,08,หนองโรง,71140
53,71150,01,สิงห์,71150
53,71150,02,ท่าเสา,71150
53,71150,03,ไทรโยค,71150
53,71150,04,บ้องตี้,71150
53,71150,05,ลุ่มสุ่ม,71150
53,71150,06,วังกระแจะ,71150
53,71150,07,ศรีมงคล,71150
53,71160,01,หลุมรัง,71160
53,71160,02,ช่องด่าน,71160
53,71160,03,บ่อพลอย,71160
53,71160,04,หนองกร่าง,71160
53,71160,05,หนองกุ่ม,71160
53,71160,06,หนองรี,71160
53,71170,01,ห้วยกระเจา,71170
53,71170,02,ดอนแสลบ,71170
53,71170,03,วังไผ่,71170
53,71170,04,สระลงเรือ,71170
53,71180,01,หินดาด,71180
53,71180,02,ชะแล,71180
53,71180,03,ท่าขนุน,71180
53,71180,04,ปิล๊อก,71180
53,71180,05,ลิ่นถิ่น,71180
53,71180,06,สหกรณ์นิคม,71180
53,71180,07,ห้วยเขย่ง,71180
53,71210,01,หนองโสน,71210
53,71210,02,ทุ่งกระบ่ำ,71210
53,71210,03,เลาขวัญ,71210
53,71210,04,หนองนกแก้ว,71210
53,71210,05,หนองประดู่,71210
53,71210,06,หนองปลิง,71210
53,71210,07,หนองฝ้าย,71210
53,71220,01,หนองปลาไหล,71220
53,71220,02,สมเด็จเจริญ,71220
53,71220,03,หนองปรือ,71220
53,71240,01,หนองลู,71240
53,71240,02,ปรังเผล,71240
53,71240,03,ไล่โว่,71240
53,71250,01,หนองเป็ด,71250
53,71250,02,เขาโจด,71250
53,71250,03,ด่านแม่แฉลบ,71250
53,71250,04,ท่ากระดาน,71250
53,71250,05,นาสวน,71250
53,71250,06,แม่กระบุง,71250
53,71260,01,หนองไผ่,71260
53,71260,02,กลอนโด,71260
53,71260,03,จรเข้เผือก,71260
53,71260,04,ด่านมะขามเตี้ย,71260
54,72000,01,สวนแตง,72000
54,72000,02,โคกโคเฒ่า,72000
54,72000,03,ดอนกำยาน,72000
54,72000,04,ดอนตาล,72000
54,72000,05,ดอนโพธิ์ทอง,72000
54,72000,06,ดอนมะสังข์,72000
54,72000,07,ตลิ่งชัน,72000
54,72000,08,ทับตีเหล็ก,72000
54,72000,09,ท่าพี่เลี้ยง,72000
54,72000,10,ท่าระหัด,72000
54,72000,11,บางกุ้ง,72000
54,72000,12,บ้านโพธิ์,72000
54,72000,13,ไผ่ขวาง,72000
54,72000,14,พิหารแดง,72000
54,72000,15,โพธิ์พระยา,72000
54,72000,16,รั้วใหญ่,72000
54,72000,17,ศาลาขาว,72000
54,72000,18,สนามคลี,72000
54,72000,19,สนามชัย,72000
54,72000,20,สระแก้ว,72000
54,72110,01,หัวโพธิ์,72110
54,72110,02,ดอนมะนาว,72110
54,72110,03,ต้นตาล,72110
54,72110,04,ทุ่งคอก,72110
54,72110,05,เนินพระปรางค์,72110
54,72110,06,บ่อสุพรรณ,72110
54,72110,07,บางตะเคียน,72110
54,72110,08,บางตาเถร,72110
54,72110,09,บางพลับ,72110
54,72110,10,บางเลน,72110
54,72110,11,บ้านกุ่ม,72110
54,72110,12,บ้านช้าง,72110
54,72110,13,ศรีสำราญ,72110
54,72110,14,สองพี่น้อง,72110
54,72110,15,หนองบ่อ,72110
54,72120,01,หัวนา,72120
54,72120,02,เขาดิน,72120
54,72120,03,เขาพระ,72120
54,72120,04,โคกช้าง,72120
54,72120,05,เดิมบาง,72120
54,72120,06,ทุ่งคลี,72120
54,72120,07,นางบวช,72120
54,72120,08,บ่อกรุ,72120
54,72120,09,ปากน้ำ,72120
54,72120,10,ป่าสะแก,72120
54,72120,11,ยางนอน,72120
54,72120,12,วังศรีราช,72120
54,72120,13,หนองกระทุ่ม,72120
54,72120,14,หัวเขา,72120
54,72130,01,หนองสะเดา,72130
54,72130,02,กระเสียว,72130
54,72130,03,บ้านสระ,72130
54,72130,04,ย่านยาว,72130
54,72130,05,วังลึก,72130
54,72130,06,สามชุก,72130
54,72130,07,หนองผักนาก,72130
54,72140,01,ศรีประจันต์,72140
54,72140,02,ดอนปรู,72140
54,72140,03,บางงาม,72140
54,72140,04,บ้านกร่าง,72140
54,72140,05,ปลายนา,72140
54,72140,06,มดแดง,72140
54,72140,07,วังน้ำซับ,72140
54,72140,08,วังยาง,72140
54,72140,09,วังหว้า,72140
54,72150,01,องครักษ์,72150
54,72150,02,กฤษณา,72150
54,72150,03,โคกคราม,72150
54,72150,04,จรเข้ใหญ่,72150
54,72150,05,ตะค่า,72150
54,72150,06,บางปลาม้า,72150
54,72150,07,บางใหญ่,72150
54,72150,08,บ้านแหลม,72150
54,72150,09,ไผ่กองดิน,72150
54,72150,10,มะขามล้ม,72150
54,72150,11,วังน้ำเย็น,72150
54,72150,12,วัดดาว,72150
54,72150,13,วัดโบสถ์,72150
54,72150,14,สาลี,72150
54,72160,01,อู่ทอง,72160
54,72160,02,กระจัน,72160
54,72160,03,จรเข้สามพัน,72160
54,72160,04,เจดีย์,72160
54,72160,05,ดอนคา,72160
54,72160,06,ดอนมะเกลือ,72160
54,72160,07,บ้านโข้ง,72160
54,72160,08,บ้านดอน,72160
54,72160,09,พลับพลาไชย,72160
54,72160,10,ยุ้งทะลาย,72160
54,72160,11,สระพังลาน,72160
54,72160,12,สระยายโสม,72160
54,72160,13,หนองโอ่ง,72160
54,72170,01,หนองสาหร่าย,72170
54,72170,02,ดอนเจดีย์,72170
54,72170,03,ทะเลบก,72170
54,72170,04,ไร่รถ,72170
54,72170,05,สระกระโจม,72170
54,72180,01,องค์พระ,72180
54,72180,02,ด่านช้าง,72180
54,72180,03,นิคมกระเสียว,72180
54,72180,04,วังคัน,72180
54,72180,05,วังยาว,72180
54,72180,06,หนองมะค่าโมง,72180
54,72180,07,ห้วยขมิ้น,72180
54,72240,01,หนองหญ้าไซ,72240
54,72240,02,แจงงาม,72240
54,72240,03,ทัพหลวง,72240
54,72240,04,หนองขาม,72240
54,72240,05,หนองโพธิ์,72240
54,72240,06,หนองราชวัตร,72240
55,73000,01,ห้วยจรเข้,73000
55,73000,02,ดอนยายหอม,73000
55,73000,03,ตาก้อง,73000
55,73000,04,ถนนขาด,73000
55,73000,05,ทัพหลวง,73000
55,73000,06,ทุ่งน้อย,73000
55,73000,07,ธรรมศาลา,73000
55,73000,08,นครปฐม,73000
55,73000,09,บ่อพลับ,73000
55,73000,10,บางแขม,73000
55,73000,11,บ้านยาง,73000
55,73000,12,พระปฐมเจดีย์,73000
55,73000,13,พระประโทน,73000
55,73000,14,โพรงมะเดื่อ,73000
55,73000,15,มาบแค,73000
55,73000,16,ลำพยา,73000
55,73000,17,วังตะกู,73000
55,73000,18,วังเย็น,73000
55,73000,19,สนามจันทร์,73000
55,73000,20,สระกระเทียม,73000
55,73000,21,สวนป่าน,73000
55,73000,22,สามควายเผือก,73000
55,73000,23,หนองงูเหลือม,73000
55,73000,24,หนองดินแดง,73000
55,73000,25,หนองปากโลง,73000
55,73110,01,อ้อมใหญ่,73160
55,73110,02,กระทุ่มล้ม,73110
55,73110,03,คลองจินดา,73110
55,73110,04,คลองใหม่,73110
55,73110,05,ตลาดจินดา,73110
55,73110,06,ทรงคนอง,73110
55,73110,07,ท่าข้าม,73110
55,73110,08,ท่าตลาด,73110
55,73110,09,บางกระทึก,73110
55,73110,10,บางช้าง,73110
55,73110,11,บางเตย,73110
55,73110,12,บ้านใหม่,73110
55,73110,13,ยายชา,73110
55,73110,14,ไร่ขิง,73210
55,73110,15,สามพราน,73210
55,73110,16,หอมเกร็ด,73110
55,73120,01,แหลมบัว,73120
55,73120,02,ขุนแก้ว,73120
55,73120,03,โคกพระเจดีย์,73120
55,73120,04,งิ้วราย,73120
55,73120,05,ดอนแฝก,73120
55,73120,06,ท่ากระชับ,73120
55,73120,07,ท่าตำหนัก,73120
55,73120,08,ท่าพระยา,73120
55,73120,09,ไทยาวาส,73120
55,73120,10,นครชัยศรี,73120
55,73120,11,บางกระเบา,73120
55,73120,12,บางแก้ว,73120
55,73120,13,บางแก้วฟ้า,73120
55,73120,14,บางพระ,73120
55,73120,15,บางระกำ,73120
55,73120,16,พะเนียด,73120
55,73120,17,ลานตากฟ้า,73120
55,73120,18,วัดแค,73120
55,73120,19,วัดละมุด,73120
55,73120,20,วัดสำโรง,73120
55,73120,21,ศรีมหาโพธิ์,73120
55,73120,22,ศรีษะทอง,73120
55,73120,23,สัมปทวน,73120
55,73120,24,ห้วยพลู,73120
55,73130,01,หินมูล,73130
55,73130,02,คลองนกกระทุง,73130
55,73130,03,ดอนตูม,73130
55,73130,04,ไทรงาม,73130
55,73130,05,นราภิรมย์,73130
55,73130,06,นิลเพชร,73130
55,73130,07,บัวปากท่า,73130
55,73130,08,บางไทรป่า,73130
55,73130,09,บางปลา,73130
55,73130,10,บางภาษี,73130
55,73130,11,บางระกำ,73130
55,73130,12,บางเลน,73130
55,73130,13,บางหลวง,73130
55,73130,14,ไผ่หูช้าง,73130
55,73130,15,ลำพญา,73130
55,73140,01,ห้วยหมอนทอง,73140
55,73140,02,กระตีบ,73140
55,73140,03,กำแพงแสน,73140
55,73140,04,ดอนข่อย,73140
55,73140,05,ทุ่งกระพังโหม,73140
55,73140,06,ทุ่งขวาง,73140
55,73140,07,ทุ่งบัว,73140
55,73140,08,ทุ่งลูกนก,73140
55,73140,09,รางพิกุล,73140
55,73140,10,วังน้ำเขียว,73140
55,73140,11,สระพัฒนา,73140
55,73140,12,สระสี่มุม,73140
55,73140,13,หนองกระทุ่ม,73140
55,73140,14,ห้วยขวาง,73140
55,73140,15,ห้วยม่วง,73140
55,73150,01,ห้วยพระ,73150
55,73150,02,ดอนพุทรา,73150
55,73150,03,ดอนรวก,73150
55,73150,04,บ้านหลวง,73150
55,73150,05,ลำลูกบัว,73150
55,73150,06,ลำเหย,73150
55,73150,07,สามง่าม,73150
55,73150,08,ห้วยด้วน,73150
55,73170,01,ศาลายา,73170
55,73170,02,คลองโยง,73170
55,73170,03,มหาสวัสดิ์,73170
56,74000,01,มหาชัย,74000
56,74000,02,กาหลง,74000
56,74000,03,โกรกกราก,74000
56,74000,04,คอกกระบือ,74000
56,74000,05,โคกขาม,74000
56,74000,06,ชัยมงคล,74000
56,74000,07,ท่าจีน,74000
56,74000,08,ท่าฉลอม,74000
56,74000,09,ท่าทราย,74000
56,74000,10,นาโคก,74000
56,74000,11,นาดี,74000
56,74000,12,บางกระเจ้า,74000
56,74000,13,บางโทรัด,74000
56,74000,14,บางน้ำจืด,74000
56,74000,15,บางหญ้าแพรก,74000
56,74000,16,บ้านเกาะ,74000
56,74000,17,บ้านบ่อ,74000
56,74000,18,พันท้ายนรสิงห์,74000
56,74110,01,อ้อมน้อย,74110
56,74110,02,คลองมะเดื่อ,74110
56,74110,03,แคราย,74110
56,74110,04,ดอนไก่ดี,74110
56,74110,05,ตลาดกระทุ่มแบน,74110
56,74110,06,ท่าไม้,74110
56,74110,07,ท่าเสา,74110
56,74110,08,บางยาง,74110
56,74110,09,สวนหลวง,74110
56,74110,10,หนองนกไข่,74110
56,74120,01,อำแพง,74120
56,74120,02,เกษตรพัฒนา,74120
56,74120,03,คลองตัน,74120
56,74120,04,เจ็ดริ้ว,74120
56,74120,05,บ้านแพ้ว,74120
56,74120,06,ยกกระบัตร,74120
56,74120,07,โรงเข้,74120
56,74120,08,สวนส้ม,74120
56,74120,09,หนองบัว,74120
56,74120,10,หนองสองห้อง,74120
56,74120,11,หลักสอง,74120
56,74120,12,หลักสาม,74120
57,75000,01,แหลมใหญ่,75000
57,75000,02,คลองเขิน,75000
57,75000,03,คลองโคน,75000
57,75000,04,ท้ายหาด,75000
57,75000,05,นางตะเคียน,75000
57,75000,06,บางแก้ว,75000
57,75000,07,บางขันแตก,75000
57,75000,08,บางจะเกร็ง,75000
57,75000,09,บ้านปรก,75000
57,75000,10,แม่กลอง,75000
57,75000,11,ลาดใหญ่,75000
57,75110,01,อัมพวา,75110
57,75110,02,แควอ้อม,75110
57,75110,03,ท่าคา,75110
57,75110,04,บางแค,75110
57,75110,05,บางช้าง,75110
57,75110,06,บางนางลี่,75110
57,75110,07,ปลายโพงพาง,75110
57,75110,08,แพรกหนามแดง,75110
57,75110,09,ยี่สาร,75110
57,75110,10,วัดประดู่,75110
57,75110,11,สวนหลวง,75110
57,75110,12,เหมืองใหม่,75110
57,75120,01,โรงหีบ,75120
57,75120,02,กระดังงา,75120
57,75120,03,จอมปลวก,75120
57,75120,04,ดอนมะโนรา,75120
57,75120,05,บางกระบือ,75120
57,75120,06,บางกุ้ง,75120
57,75120,07,บางคนที,75120
57,75120,08,บางนกแขวก,75120
57,75120,09,บางพรม,75120
57,75120,10,บางยี่รงค์,75120
57,75120,11,บางสะแก,75120
57,75120,12,บ้านปราโมทย์,75120
57,75120,13,ยายแพง,75120
58,76000,01,หาดเจ้าสำราญ,76000
58,76000,02,คลองกระแซง,76000
58,76000,03,ช่องสะแก,76000
58,76000,04,ดอนยาง,76000
58,76000,05,ต้นมะพร้าว,76000
58,76000,06,ต้นมะม่วง,76000
58,76000,07,ท่าราบ,76000
58,76000,08,ธงชัย,76000
58,76000,09,นาพันสาม,76000
58,76000,10,นาวุ้ง,76000
58,76000,11,บางจาก,76000
58,76000,12,บางจาน,76000
58,76000,13,บ้านกุ่ม,76000
58,76000,14,บ้านหม้อ,76000
58,76000,15,โพพระ,76000
58,76000,16,โพไร่หวาน,76000
58,76000,17,ไร่ส้ม,76000
58,76000,18,วังตะโก,76000
58,76000,19,เวียงคอย,76000
58,76000,20,สำมะโรง,76000
58,76000,21,หนองขนาน,76000
58,76000,22,หนองพลับ,76000
58,76000,23,หนองโสน,76000
58,76000,24,หัวสะพาน,76000
58,76110,01,แหลมผักเบี้ย,76110
58,76110,02,ท่าแร้ง,76110
58,76110,03,ท่าแร้งออก,76110
58,76110,04,บางแก้ว,76110
58,76110,05,บางขุนไทร,76110
58,76110,06,บางครก,76110
58,76110,07,บางตะบูน,76110
58,76110,08,บางตะบูนออก,76110
58,76110,09,บ้านแหลม,76110
58,76110,10,ปากทะเล,76110
58,76120,01,ห้วยทรายเหนือ,76120
58,76120,02,เขาใหญ่,76120
58,76120,03,ชะอำ,76120
58,76120,04,ดอนขุนห้วย,76120
58,76120,05,นายาง,76120
58,76120,06,บางเก่า,76120
58,76120,07,ไร่ใหม่พัฒนา,76120
58,76120,08,สามพระยา,76120
58,76120,09,หนองศาลา,76120
58,76130,01,หนองจอก,76130
58,76130,02,กลัดหลวง,76130
58,76130,03,เขากระปุก,76130
58,76130,04,ท่าคอย,76130
58,76130,05,ท่าไม้รวก,76130
58,76130,06,ท่ายาง,76130
58,76130,07,ท่าแลง,76130
58,76130,08,บ้านในดง,76130
58,76130,09,ปึกเตียน,76130
58,76130,10,มาบปลาเค้า,76130
58,76130,11,ยางหย่อง,76130
58,76130,12,วังไคร้,76130
58,76140,01,ห้วยโรง,76140
58,76140,02,เขาย้อย,76140
58,76140,03,ทับคาง,76140
58,76140,04,บางเค็ม,76140
58,76140,05,สระพัง,76140
58,76140,06,หนองชุมพล,76140
58,76140,07,หนองชุมพลเหนือ,76140
58,76140,08,หนองปรง,76140
58,76140,09,หนองปลาไหล,76140
58,76140,10,ห้วยท่าช้าง,76140
58,76150,01,ห้วยลึก,76150
58,76150,02,ตำหรุ,76150
58,76150,03,ถ้ำรงค์,76150
58,76150,04,ท่าช้าง,76150
58,76150,05,ท่าเสน,76150
58,76150,06,บ้านทาน,76150
58,76150,07,บ้านลาด,76150
58,76150,08,บ้านหาด,76150
58,76150,09,โรงเข้,76150
58,76150,10,ไร่โคก,76150
58,76150,11,ไร่มะขาม,76150
58,76150,12,ไร่สะท้อน,76150
58,76150,13,ลาดโพธิ์,76150
58,76150,14,สมอพลือ,76150
58,76150,15,สะพานไกร,76150
58,76150,16,หนองกระเจ็ด,76150
58,76150,17,หนองกะปุ,76150
58,76150,18,ห้วยข้อง,76150
58,76160,01,หนองหญ้าปล้อง,76160
58,76160,02,ท่าตะคร้อ,76160
58,76160,03,ยางน้ำกลัดใต้,76160
58,76160,04,ยางน้ำกลัดเหนือ,76160
58,76170,01,ห้วยแม่เพรียง,76170
58,76170,02,แก่งกระจาน,76170
58,76170,03,ป่าเด็ง,76170
58,76170,04,พุสวรรค์,76170
58,76170,05,วังจันทร์,76170
58,76170,06,สองพี่น้อง,76170
59,77000,01,อ่าวน้อย,77000
59,77000,02,เกาะหลัก,77000
59,77000,03,คลองวาฬ,77000
59,77000,04,บ่อนอก,77000
59,77000,05,ประจวบคีรีขันธ์,77000
59,77000,06,ห้วยทราย,77000
59,77110,01,หินเหล็กไฟ,77110
59,77110,02,ทับใต้,77110
59,77110,03,บึงนคร,77110
59,77110,04,หนองแก,77110
59,77110,05,หนองพลับ,77110
59,77110,06,ห้วยสัตว์ใหญ่,77110
59,77110,07,หัวหิน,77110
59,77120,01,หนองตาแต้ม,77120
59,77120,02,เขาจ้าว,77120
59,77120,03,เขาน้อย,77120
59,77120,04,ปราณบุรี,77120
59,77120,05,ปากน้ำปราณ,77120
59,77120,06,วังก์พง,77120
59,77130,01,อ่างทอง,77130
59,77130,02,เขาล้าน,77130
59,77130,03,ทับสะแก,77130
59,77130,04,นาหูกวาง,77130
59,77130,05,แสงอรุณ,77130
59,77130,06,ห้วยยาง,77130
59,77140,01,ร่อนทอง,77140
59,77140,02,กำเนิดนพคุณ,77140
59,77140,03,ชัยเกษม,77140
59,77140,04,ทองมงคล,77140
59,77140,05,ธงชัย,77140
59,77140,06,พงศ์ประศาสน์,77140
59,77140,07,แม่รำพึง,77140
59,77150,01,หาดขาม,77150
59,77150,02,กุยบุรี,77150
59,77150,03,กุยเหนือ,77150
59,77150,04,เขาแดง,77150
59,77150,05,ดอนยายหนู,77150
59,77150,06,สามกระทาย,77150
59,77170,01,ปากแพรก,77140
59,77170,02,ช้างแรก,77140
59,77170,03,ไชยราช,77140
59,77170,04,ทรายทอง,77140
59,77170,05,บางสะพาน,77140
59,77180,01,สามร้อยยอด,77180
59,77180,02,ไร่เก่า,77180
59,77180,03,ไร่ใหม่,77180
59,77180,04,ศาลาลัย,77180
59,77180,05,ศิลาลอย,77180
60,80000,01,มะม่วงสองต้น,80000
60,80000,02,กำแพงเซา,80000
60,80000,03,คลัง,80000
60,80000,04,ไชยมนตรี,80000
60,80000,05,ท่างิ้ว,80000
60,80000,06,ท่าซัก,80000
60,80000,07,ท่าเรือ,80000
60,80000,08,ท่าไร่,80000
60,80000,09,ท่าวัง,80000
60,80000,10,นาเคียน,80000
60,80000,11,นาทราย,80000
60,80000,12,ในเมือง,80000
60,80000,13,บางจาก,80000
60,80000,14,ปากนคร,80000
60,80000,15,ปากพูน,80000
60,80000,16,โพธิ์เสด็จ,80000
60,80001,01,นาสาร,80000
60,80001,02,ช้างซ้าย,80000
60,80001,03,ท้ายสำเภา,80000
60,80001,04,นาพรุ,80000
60,80110,01,หนองหงส์,80110
60,80110,02,กะปาง,80110
60,80110,03,เขาขาว,80110
60,80110,04,เขาโร,80110
60,80110,05,ควนกรด,80110
60,80110,06,ชะมาย,80110
60,80110,07,ถ้ำใหญ่,80110
60,80110,08,ที่วัง,80110
60,80110,09,นาโพธิ์,80110
60,80110,10,นาไม้ไผ่,80110
60,80110,11,นาหลวงเสน,80110
60,80110,12,น้ำตก,80110
60,80110,13,ปากแพรก,80110
60,80120,01,เสาเภา,80120
60,80120,02,เขาน้อย,80120
60,80120,03,ฉลอง,80120
60,80120,04,ทุ่งปรัง,80120
60,80120,05,ทุ่งใส,80120
60,80120,06,เทพราช,80120
60,80120,07,เปลี่ยน,80120
60,80120,08,สิชล,80120
60,80120,09,สีขีด,80120
60,80130,01,หินตก,80130
60,80130,02,ควนเกย,80130
60,80130,03,ควนชุม,80130
60,80130,04,ควนพัง,80130
60,80130,05,ร่อนพิบูลย์,80130
60,80130,06,เสาธง,80130
60,80131,01,สามตำบล,80290
60,80131,02,ควนหนองคว้า,80290
60,80131,03,ทุ่งโพธิ์,80290
60,80131,04,นาหมอบุญ,80290
60,80131,05,บ้านควนมุด,80290
60,80131,06,บ้านชะอวด,80290
60,80140,01,แหลมตะลุมพุก,80140
60,80140,02,เกาะทวด,80140
60,80140,03,ขนาบนาก,80140
60,80140,04,คลองกระบือ,80140
60,80140,05,คลองน้อย,80140
60,80140,06,ชะเมา,80140
60,80140,07,ท่าพญา,80140
60,80140,08,บางตะพง,80140
60,80140,09,บางพระ,80140
60,80140,10,บางศาลา,80140
60,80140,11,บ้านเพิง,80140
60,80140,12,บ้านใหม่,80140
60,80140,13,ปากพนังฝั่งตะวันตก,80140
60,80140,14,ปากพนังฝั่งตะวันออก,80140
60,80140,15,ปากแพรก,80140
60,80140,16,ป่าระกำ,80140
60,80140,17,หูล่อง,80140
60,80150,01,ห้วยปริก,80150
60,80150,02,กะเปียด,80150
60,80150,03,จันดี,80150
60,80150,04,ฉวาง,80150
60,80150,05,นากะชะ,80150
60,80150,06,นาเขลียง,80150
60,80150,07,นาแว,80150
60,80150,08,ไม้เรียง,80150
60,80150,09,ละอาย,80150
60,80150,10,ไสหร้า,80150
60,80150,12,นิร้า,80150
60,80160,01,กลาย,80160
60,80160,02,ดอนตะโก,80160
60,80160,03,ตลิ่งชัน,80160
60,80160,04,ท่าขึ้น,80160
60,80160,05,ท่าศาลา,80160
60,80160,06,ไทยบุรี,80160
60,80160,07,โพธิ์ทอง,80160
60,80160,08,โมคลาน,80160
60,80160,09,สระแก้ว,80160
60,80160,10,หัวตะพาน,80160
60,80161,01,นาเหรง,80290
60,80161,02,กรุงชิง,80290
60,80161,03,กะหรอ,80290
60,80161,04,นบพิตำ,80290
60,80170,01,แหลม,80170
60,80170,02,เกาะเพชร,80170
60,80170,03,เขาพังไกร,80170
60,80170,04,ควนชะลิก,80170
60,80170,05,ทรายขาว,80170
60,80170,06,ท่าซอม,80170
60,80170,07,บางนบ,80170
60,80170,08,บ้านราม,80170
60,80170,09,รามแก้ว,80170
60,80170,10,หน้าสตน,80170
60,80170,11,หัวไทร,80170
60,80180,01,วังอ่าง,80180
60,80180,02,เกาะขันธ์,80180
60,80180,03,ขอนหาด,80180
60,80180,04,เขาพระทอง,80180
60,80180,05,ควนหนองหงษ์,80180
60,80180,06,เคร็ง,80180
60,80180,07,ชะอวด,80180
60,80180,08,ท่าประจะ,80180
60,80180,09,ท่าเสม็ด,80180
60,80180,10,นางหลง,80180
60,80180,11,บ้านตูล,80180
60,80190,01,ไสหมาก,80190
60,80190,02,การะเกด,80190
60,80190,03,เขาพระบาท,80190
60,80190,04,เชียรใหญ่,80190
60,80190,05,ท้องลำเจียก,80190
60,80190,06,ท่าขนาน,80190
60,80190,07,บ้านกลาง,80190
60,80190,08,บ้านเนิน,80190
60,80190,09,แม่เจ้าอยู่หัว,80190
60,80190,10,เสือหึง,80190
60,80191,01,สวนหลวง,80290
60,80191,02,เชียรเขา,80290
60,80191,03,ดอนตรอ,80290
60,80191,04,ทางพูน,80290
60,80210,01,ท้องเนียน,80210
60,80210,02,ขนอม,80210
60,80210,03,ควนทอง,80210
60,80220,01,นาบอน,80220
60,80220,02,แก้วแสน,80220
60,80220,03,ทุ่งสง,80220
60,80230,01,ลานสกา,80230
60,80230,02,กำโลน,80230
60,80230,03,ขุนทะเล,80230
60,80230,04,เขาแก้ว,80230
60,80230,05,ท่าดี,80230
60,80240,01,ปริก,80240
60,80240,02,กรุงหยัน,80240
60,80240,03,กุแหระ,80240
60,80240,04,ท่ายาง,80240
60,80240,05,ทุ่งสัง,80240
60,80240,06,ทุ่งใหญ่,80240
60,80240,07,บางรูป,80240
60,80250,01,หลักช้าง,80250
60,80250,02,ช้างกลาง,80250
60,80250,03,สวนขัน,80250
60,80260,01,ถ้ำพรรณรา,80260
60,80260,02,คลองเส,80260
60,80260,03,ดุสิต,80260
60,80270,01,ยางค้อม,80270
60,80270,02,กะทูน,80270
60,80270,03,เขาพระ,80270
60,80270,04,ควนกลาง,80270
60,80270,05,พิปูน,80270
60,80320,01,อินคีรี,80320
60,80320,02,ทอนหงส์,80320
60,80320,03,นาเรียง,80320
60,80320,04,บ้านเกาะ,80320
60,80320,05,พรหมโลก,80320
60,80360,01,วังหิน,80360
60,80360,02,บางขัน,80360
60,80360,03,บ้านนิคม,80360
60,80360,04,บ้านลำนาว,80360
61,81000,01,อ่าวนาง,81000
61,81000,02,กระบี่น้อย,81000
61,81000,03,กระบี่ใหญ่,81000
61,81000,04,เขาคราม,81000
61,81000,05,เขาทอง,81000
61,81000,06,คลองประสงค์,81000
61,81000,07,ทับปริก,81000
61,81000,08,ปากน้ำ,81000
61,81000,09,ไสไทย,81000
61,81000,10,หนองทะเล,81000
61,81110,01,อ่าวลึกเหนือ,81110
61,81110,02,เขาใหญ่,81110
61,81110,03,คลองยา,81110
61,81110,04,คลองหิน,81110
61,81110,05,นาเหนือ,81110
61,81110,06,บ้านกลาง,81110
61,81110,07,แหลมสัก,81110
61,81110,08,อ่าวลึกใต้,81110
61,81110,09,อ่าวลึกน้อย,81110
61,81120,01,ห้วยน้ำขาว,81120
61,81120,02,คลองท่อมใต้,81120
61,81120,03,คลองท่อมเหนือ,81120
61,81120,04,คลองพน,81120
61,81120,05,ทรายขาว,81120
61,81120,06,พรุดินนา,81120
61,81120,07,เพหลา,81120
61,81121,01,ลำทับ,81120
61,81121,02,ดินแดง,81120
61,81121,03,ดินอุดม,81120
61,81121,04,ทุ่งไทรทอง,81120
61,81130,01,เหนือคลอง,81130
61,81130,02,เกาะศรีบอยา,81130
61,81130,03,คลองขนาน,81130
61,81130,04,คลองเขม้า,81130
61,81130,05,โคกยาง,81130
61,81130,06,ตลิ่งชัน,81130
61,81130,07,ปกาสัย,81130
61,81130,08,ห้วยยูง,81130
61,81140,01,หน้าเขา,81140
61,81140,02,เขาดิน,81140
61,81140,03,เขาพนม,81140
61,81140,04,โคกหาร,81140
61,81140,05,พรุเตียว,81140
61,81140,06,สินปุน,81140
61,81150,01,ศาลาด่าน,81150
61,81150,02,เกาะกลาง,81150
61,81150,03,เกาะลันตาน้อย,81150
61,81150,04,เกาะลันตาใหญ่,81150
61,81150,05,คลองยาง,81150
61,81160,01,ปลายพระยา,81160
61,81160,02,เขาเขน,81160
61,81160,03,เขาต่อ,81160
61,81160,04,คีรีวง,81160
62,82000,01,สองแพรก,82000
62,82000,02,เกาะปันหยี,82000
62,82000,03,ตากแดด,82000
62,82000,04,ถ้ำน้ำผุด,82000
62,82000,05,ท้ายช้าง,82000
62,82000,06,ทุ่งคาโงก,82000
62,82000,07,นบปริง,82000
62,82000,08,บางเตย,82000
62,82000,09,ป่ากอ,82000
62,82110,01,บางม่วง,82110
62,82110,02,เกาะคอเขา,82110
62,82110,03,คึกคัก,82110
62,82110,04,โคกเคียน,82110
62,82110,05,ตะกั่วป่า,82110
62,82110,06,ตำตัว,82110
62,82110,07,บางไทร,82110
62,82110,08,บางนายสี,82110
62,82120,01,ลำภี,82120
62,82120,02,ท้ายเหมือง,82120
62,82120,03,ทุ่งมะพร้าว,82120
62,82120,04,นาเตย,82120
62,82120,05,บางทอง,82120
62,82120,06,ลำแก่น,82120
62,82130,01,หล่อยูง,82130
62,82130,02,กระโสม,82130
62,82130,03,กะไหล,82130
62,82130,04,คลองเคียน,82130
62,82130,05,โคกกลอย,82130
62,82130,06,ถ้ำ,82130
62,82130,07,ท่าอยู่,82130
62,82150,01,แม่นางขาว,82150
62,82150,02,เกาะพระทอง,82150
62,82150,03,คุระ,82150
62,82150,04,บางวัน,82150
62,82160,01,พรุใน,82160
62,82160,02,เกาะยาวน้อย,82160
62,82160,03,เกาะยาวใหญ่,82160
62,82170,01,เหล,82170
62,82170,02,กะปง,82170
62,82170,03,ท่านา,82170
62,82170,04,รมณีย์,82170
62,82170,05,เหมาะ,82170
62,82180,01,มะรุ่ย,82180
62,82180,02,โคกเจริญ,82180
62,82180,03,ถ้ำทองหลาง,82180
62,82180,04,ทับปุด,82180
62,82180,05,บ่อแสน,82180
62,82180,06,บางเหรียง,82180
63,83000,01,วิชิต,83000
63,83000,02,กะรน,83000
63,83000,03,เกาะแก้ว,83000
63,83000,04,ฉลอง,83000
63,83000,05,ตลาดเหนือ,83000
63,83000,06,ตลาดใหญ่,83000
63,83000,07,รัษฎา,83000
63,83000,08,ราไวย์,83000
63,83110,01,สาคู,83110
63,83110,02,เชิงทะเล,83110
63,83110,03,เทพกระษัตรี,83110
63,83110,04,ป่าคลอก,83110
63,83110,05,ไม้ขาว,83110
63,83110,06,ศรีสุนทร,83110
63,83120,01,ป่าตอง,83120
63,83120,02,กมลา,83120
63,83120,03,กะทู้,83120
64,84000,01,วัดประดู่,84000
64,84000,02,ขุนทะเล,84000
64,84000,03,คลองฉนาก,84000
64,84000,04,คลองน้อย,84000
64,84000,05,ตลาด,84000
64,84000,06,บางกุ้ง,84000
64,84000,07,บางชนะ,84000
64,84000,08,บางไทร,84000
64,84000,09,บางใบไม้,84000
64,84000,10,บางโพธิ์,84000
64,84000,11,มะขามเตี้ย,84000
64,84110,01,เวียง,84110
64,84110,02,ตลาดไชยา,84110
64,84110,03,ตะกรบ,84110
64,84110,04,ทุ่ง,84110
64,84110,05,ปากหมาก,84110
64,84110,06,ป่าเว,84110
64,84110,07,พุมเรียง,84110
64,84110,08,โมถ่าย,84110
64,84110,09,เลม็ด,84110
64,84120,01,ลำพูน,84120
64,84120,02,คลองปราบ,84120
64,84120,03,ควนศรี,84120
64,84120,04,ควนสุบรรณ,84120
64,84120,05,ท่าชี,84120
64,84120,06,ทุ่งเตา,84120
64,84120,07,ทุ่งเตาใหม่,84120
64,84120,08,นาสาร,84120
64,84120,09,น้ำพุ,84120
64,84120,10,พรุพี,84120
64,84120,11,เพิ่มพูนทรัพย์,84120
64,84130,01,หัวเตย,84130
64,84130,02,กรูด,84130
64,84130,03,เขาหัวควาย,84130
64,84130,04,ตะปาน,84130
64,84130,05,ท่าข้าม,84130
64,84130,06,ท่าโรงช้าง,84130
64,84130,07,ท่าสะท้อน,84130
64,84130,08,น้ำรอบ,84130
64,84130,09,บางงอน,84130
64,84130,10,บางเดือน,84130
64,84130,11,บางมะเดื่อ,84130
64,84130,12,พุนพิน,84130
64,84130,13,มะลวน,84130
64,84130,14,ลีเล็ด,84130
64,84130,15,ศรีวิชัย,84130
64,84130,16,หนองไทร,84130
64,84140,01,อ่างทอง,84140
64,84140,02,ตลิ่งงาม,84140
64,84140,03,บ่อผุด,84140
64,84140,04,มะเร็ต,84140
64,84140,05,แม่น้ำ,84140
64,84140,06,ลิปะน้อย,84140
64,84140,07,หน้าเมือง,84140
64,84150,01,เสวียด,84150
64,84150,02,เขาถ่าน,84150
64,84150,03,คลองไทร,84150
64,84150,04,ท่าเคย,84150
64,84150,05,ท่าฉาง,84150
64,84150,06,ปากฉลุย,84150
64,84160,01,พลายวาส,84160
64,84160,02,กรูด,84160
64,84160,03,กะแดะ,84160
64,84160,04,คลองสระ,84160
64,84160,05,ช้างขวา,84160
64,84160,06,ช้างซ้าย,84160
64,84160,07,ตะเคียนทอง,84160
64,84160,08,ท่าทอง,84160
64,84160,09,ท่าทองใหม่,84160
64,84160,10,ท่าอุแท,84160
64,84160,11,ทุ่งกง,84160
64,84160,12,ทุ่งรัง,84160
64,84160,13,ป่าร่อน,84160
64,84170,01,สมอทอง,84170
64,84170,02,คลองพา,84170
64,84170,03,คันธุลี,84170
64,84170,04,ท่าชนะ,84170
64,84170,05,ประสงค์,84170
64,84170,06,วัง,84170
64,84180,01,ย่านยาว,84180
64,84180,02,กะเปา,84180
64,84180,03,ถ้ำสิงขร,84180
64,84180,04,ท่ากระดาน,84180
64,84180,05,ท่าขนอน,84180
64,84180,06,น้ำหัก,84180
64,84180,07,บ้านทำเนียบ,84180
64,84180,08,บ้านยาง,84180
64,84181,01,ตะกุกเหนือ,84180
64,84181,02,ตะกุกใต้,84180
64,84190,01,เวียงสระ,84190
64,84190,02,เขานิพันธ์,84190
64,84190,03,คลองฉนวน,84190
64,84190,04,ทุ่งหลวง,84190
64,84190,05,บ้านส้อง,84190
64,84210,01,อิปัน,84210
64,84210,02,ไทรขึง,84210
64,84210,03,ไทรโสภา,84210
64,84210,04,บางสวรรค์,84210
64,84210,05,สาคู,84210
64,84210,06,สินเจริญ,84210
64,84210,07,สินปุน,84210
64,84220,01,ปากแพรก,84220
64,84220,02,ชลคราม,84220
64,84220,03,ไชยคราม,84220
64,84220,04,ดอนสัก,84220
64,84230,01,พะแสง,84230
64,84230,02,เขาพัง,84230
64,84230,03,เขาวง,84230
64,84230,04,พรุไทย,84230
64,84240,01,บ้านนา,84240
64,84240,02,ทรัพย์ทวี,84240
64,84240,03,ท่าเรือ,84240
64,84240,04,นาใต้,84240
64,84250,01,พังกาญจน์,84250
64,84250,02,คลองชะอุ่น,84250
64,84250,03,คลองศก,84250
64,84250,04,ต้นยวน,84250
64,84250,05,พนม,84250
64,84250,06,พลูเถื่อน,84250
64,84260,01,อรัญคามวารี,84260
64,84260,02,เขาตอก,84260
64,84260,03,เคียนซา,84260
64,84260,04,บ้านเสด็จ,84260
64,84260,05,พ่วงพรมคร,84260
64,84280,01,บ้านใต้,84280
64,84280,02,เกาะเต่า,84280
64,84280,03,เกาะพะงัน,84280
64,84350,01,สองแพรก,84210
64,84350,02,คลองน้อย,84210
64,84350,03,ชัยบุรี,84210
64,84350,04,ไทรทอง,84210
65,85000,01,หาดส้มแป้น,85000
65,85000,02,เกาะพยาม,85000
65,85000,03,เขานิเวศน์,85000
65,85000,04,ทรายแดง,85000
65,85000,05,บางนอน,85000
65,85000,06,บางริ้น,85000
65,85000,07,ปากน้ำ,85000
65,85000,08,ราชกรูด,85000
65,85000,09,หงาว,85000
65,85110,01,ลำเลียง,85110
65,85110,02,จ.ป.ร.,85110
65,85110,03,น้ำจืด,85110
65,85110,04,น้ำจืดน้อย,85110
65,85110,05,บางใหญ่,85110
65,85110,06,ปากจั่น,85110
65,85110,07,มะมุ,85110
65,85120,01,ม่วงกลวง,85120
65,85120,02,กะเปอร์,85120
65,85120,03,เชี่ยวเหลียง,85120
65,85120,04,บางหิน,85120
65,85120,05,บ้านนา,85120
65,85121,01,นาคา,85120
65,85121,02,กำพวน,85120
65,85130,01,ละอุ่นเหนือ,85130
65,85130,02,ในวงใต้,85130
65,85130,03,ในวงเหนือ,85130
65,85130,04,บางแก้ว,85130
65,85130,05,บางพระใต้,85130
65,85130,06,บางพระเหนือ,85130
65,85130,07,ละอุ่นใต้,85130
66,86000,01,หาดพันไกร,86000
66,86000,02,ขุนกระทิง,86000
66,86000,03,ตากแดด,86000
66,86000,04,ถ้ำสิงห์,86000
66,86000,05,ท่าตะเภา,86000
66,86000,06,ทุ่งคา,86000
66,86000,07,นาชะอัง,86000
66,86000,08,นาทุ่ง,86000
66,86000,09,บางลึก,86000
66,86000,10,บางหมาก,86000
66,86000,11,บ้านนา,86000
66,86000,12,ปากน้ำ,86000
66,86000,13,วังไผ่,86000
66,86000,14,วังใหม่,86000
66,86000,15,วิสัยเหนือ,86000
66,86000,16,หาดทรายรี,86000
66,86110,01,แหลมทราย,86110
66,86110,02,ขันเงิน,86110
66,86110,03,ท่ามะพลา,86110
66,86110,04,นาขา,86110
66,86110,05,นาพญา,86110
66,86110,06,บางน้ำจืด,86110
66,86110,07,บางมะพร้าว,86110
66,86110,08,บ้านควน,86110
66,86110,09,ปากน้ำ,86110
66,86110,10,พ้อแดง,86110
66,86110,11,วังตะกอ,86110
66,86110,12,หลังสวน,86110
66,86110,13,หาดยาย,86110
66,86130,01,สวี,86130
66,86130,02,เขาค่าย,86130
66,86130,03,เขาทะลุ,86130
66,86130,04,ครน,86130
66,86130,05,ด่านสวี,86130
66,86130,06,ท่าหิน,86130
66,86130,07,ทุ่งระยะ,86130
66,86130,08,นาโพธิ์,86130
66,86130,09,นาสัก,86130
66,86130,10,ปากแพรก,86130
66,86130,11,วิสัยใต้,86130
66,86140,01,หินแก้ว,86140
66,86140,02,คุริง,86140
66,86140,03,ทรัพย์อนันต์,86140
66,86140,04,ท่าข้าม,86140
66,86140,05,ท่าแซะ,86140
66,86140,06,นากระตาม,86140
66,86140,07,รับร่อ,86140
66,86140,08,สลุย,86140
66,86140,09,สองพี่น้อง,86140
66,86140,10,หงษ์เจริญ,86140
66,86160,01,สะพลี,86160
66,86160,02,เขาไชยราช,86160
66,86160,03,ชุมโค,86160
66,86160,04,ดอนยาง,86160
66,86160,05,ทะเลทรัพย์,86160
66,86160,06,บางสน,86160
66,86160,07,ปากคลอง,86160
66,86170,01,สวนแตง,86170
66,86170,02,ทุ่งคาวัด,86170
66,86170,03,ทุ่งหลวง,86170
66,86170,04,ละแม,86170
66,86180,01,พะโต๊ะ,86180
66,86180,02,ปังหวาน,86180
66,86180,03,ปากทรง,86180
66,86180,04,พระรักษ์,86180
66,86220,01,ปากตะโก,86220
66,86220,02,ช่องไม้แก้ว,86220
66,86220,03,ตะโก,86220
66,86220,04,ทุ่งตะไคร,86220
67,10220,01,อนุสาวรีย์ชัย,10220
67,90000,01,พะวง,90000
67,90000,02,เกาะแต้ว,90000
67,90000,03,เกาะยอ,90000
67,90000,04,เขารูปช้าง,90000
67,90000,05,ทุ่งหวัง,90000
67,90000,06,บ่อยาง,90000
67,90110,01,หาดใหญ่,90110
67,90110,02,คลองแห,90110
67,90110,03,คลองอู่ตะเภา,90110
67,90110,04,ควนลัง,90110
67,90110,05,คอหงส์,90110
67,90110,06,คูเต่า,90110
67,90110,07,ฉลุง,90110
67,90110,08,ท่าข้าม,90110
67,90110,09,ทุ่งตำเสา,90110
67,90110,10,ทุ่งใหญ่,90110
67,90110,11,น้ำน้อย,90110
67,90110,12,บ้านพรุ,90110
67,90110,13,พะตง,90110
67,90111,01,แม่ทอม,90110
67,90111,02,ท่าช้าง,90110
67,90111,03,บางกล่ำ,90110
67,90111,04,บ้านหาร,90110
67,90120,01,สำนักแต้ว,90120
67,90120,02,เขามีเกียรติ,90120
67,90120,03,ท่าโพธิ์,90120
67,90120,04,ทุ่งหมอ,90120
67,90120,05,ปริก,90120
67,90120,06,ปาดังเบซาร์,90120
67,90120,07,พังลา,90120
67,90120,08,สะเดา,90120
67,90120,09,สำนักขาม,90120
67,90130,01,สะพานไม้แก่น,90130
67,90130,02,ขุนตัดหวาย,90130
67,90130,03,คลองเปียะ,90130
67,90130,04,คู,90130
67,90130,05,แค,90130
67,90130,06,จะโหนง,90130
67,90130,07,ตลิ่งชัน,90130
67,90130,08,ท่าหมอไทร,90130
67,90130,09,นาทับ,90130
67,90130,10,นาหว้า,90130
67,90130,11,น้ำขาว,90130
67,90130,12,บ้านนา,90130
67,90130,13,ป่าชิง,90130
67,90130,14,สะกอม,90130
67,90140,01,วัดสน,90140
67,90140,02,คลองแดน,90140
67,90140,03,แดนสงวน,90140
67,90140,04,ตาเครียะ,90140
67,90140,05,ท่าบอน,90140
67,90140,06,บ่อตรุ,90140
67,90140,07,บ้านขาว,90140
67,90140,08,บ้านใหม่,90140
67,90140,09,ปากแตระ,90140
67,90140,10,พังยาง,90140
67,90140,11,ระโนด,90140
67,90140,12,ระวะ,90140
67,90150,01,สะกอม,90150
67,90150,02,เกาะสะบ้า,90150
67,90150,03,ท่าม่วง,90150
67,90150,04,เทพา,90150
67,90150,05,ปากบาง,90150
67,90150,06,ลำไพล,90150
67,90150,07,วังใหญ่,90150
67,90160,01,สะท้อน,90160
67,90160,02,คลองกวาง,90160
67,90160,03,คลองทราย,90160
67,90160,04,ฉาง,90160
67,90160,05,ทับช้าง,90160
67,90160,06,ท่าประดู่,90160
67,90160,07,นาทวี,90160
67,90160,08,นาหมอศรี,90160
67,90160,09,ประกอบ,90160
67,90160,10,ปลักหนู,90160
67,90180,01,ท่าชะมวง,90180
67,90180,02,กำแพงเพชร,90180
67,90180,03,เขาพระ,90180
67,90180,04,ควนรู,90180
67,90180,05,คูหาใต้,90180
67,90190,01,สนามชัย,90190
67,90190,02,กระดังงา,90190
67,90190,03,คลองรี,90190
67,90190,04,คูขุด,90190
67,90190,05,จะทิ้งพระ,90190
67,90190,06,ชุมพล,90190
67,90190,07,ดีหลวง,90190
67,90190,08,ท่าหิน,90190
67,90190,09,บ่อดาน,90190
67,90190,10,บ่อแดง,90190
67,90190,11,วัดจันทร์,90190
67,90210,01,สะบ้าย้อย,90210
67,90210,02,เขาแดง,90210
67,90210,03,คูหา,90210
67,90210,04,จะแหน,90210
67,90210,05,ทุ่งพอ,90210
67,90210,06,ธารคีรี,90210
67,90210,07,บ้านโหนด,90210
67,90210,08,บาโหย,90210
67,90210,09,เปียน,90210
67,90220,01,ห้วยลึก,90220
67,90220,02,ควนโส,90220
67,90220,03,บางเหรียง,90220
67,90220,04,รัตภูมิ,90220
67,90230,01,ทุ่งลาน,90230
67,90230,02,คลองหลา,90230
67,90230,03,คลองหอยโข่ง,90230
67,90230,04,โคกม่วง,90230
67,90270,01,โรง,90270
67,90270,02,กระแสสินธุ์,90270
67,90270,03,เกาะใหญ่,90270
67,90270,04,เชิงแส,90270
67,90280,01,หัวเขา,90330
67,90280,02,ชะแล้,90330
67,90280,03,ชิงโค,90330
67,90280,04,ทำนบ,90330
67,90280,05,บางเขียด,90330
67,90280,06,ปากรอ,90330
67,90280,07,ป่าขาด,90330
67,90280,08,ม่วงงาม,90330
67,90280,09,รำแดง,90330
67,90280,10,วัดขนุน,90330
67,90280,11,สทิงหม้อ,90330
67,90310,01,พิจิตร,90310
67,90310,02,คลองหรัง,90310
67,90310,03,ทุ่งขมิ้น,90310
67,90310,04,นาหม่อม,90310
68,91000,01,พิมาน,91000
68,91000,02,เกตรี,91000
68,91000,03,เกาะสาหร่าย,91000
68,91000,04,คลองขุด,91000
68,91000,05,ควนขัน,91000
68,91000,06,ควนโพธิ์,91000
68,91000,07,เจ๊ะบิลัง,91000
68,91000,08,ฉลุง,91000
68,91000,09,ตันหยงโป,91000
68,91000,10,ตำมะลัง,91000
68,91000,11,บ้านควน,91000
68,91000,12,ปูยู,91000
68,91110,01,แหลมสน,91110
68,91110,02,กำแพง,91110
68,91110,03,เขาขาว,91110
68,91110,04,น้ำผุด,91110
68,91110,05,ปากน้ำ,91110
68,91110,06,ละงู,91110
68,91120,01,ป่าแก่บ่อหิน,91120
68,91120,02,ขอนคลาน,91120
68,91120,03,ทุ่งบุหลัง,91120
68,91120,04,ทุ่งหว้า,91120
68,91120,05,นาทอน,91120
68,91130,01,อุไดเจริญ,91130
68,91130,02,ควนกาหลง,91130
68,91130,03,ทุ่งนุ้ย,91130
68,91131,01,ปาล์มพัฒนา,91130
68,91131,02,นิคมพัฒนา,91130
68,91150,01,สาคร,91150
68,91150,02,ท่าแพ,91150
68,91150,03,ท่าเรือ,91150
68,91150,04,แป-ระ,91150
68,91160,01,วังประจัน,91160
68,91160,02,ควนโดน,91160
68,91160,03,ควนสตอ,91160
68,91160,04,ย่านซื่อ,91160
69,92000,01,หนองตรุด,92000
69,92000,02,ควนปริง,92000
69,92000,03,โคกหล่อ,92000
69,92000,04,ทับเที่ยง,92000
69,92000,05,นาตาล่วง,92000
69,92000,06,นาโต๊ะหมิง,92000
69,92000,07,นาท่ามใต้,92000
69,92000,08,นาท่ามเหนือ,92000
69,92000,09,นาบินหลา,92000
69,92000,10,นาพละ,92000
69,92000,11,นาโยงใต้,92000
69,92000,12,น้ำผุด,92000
69,92000,13,บางรัก,92000
69,92000,14,บ้านควน,92000
69,92000,15,บ้านโพธิ์,92000
69,92110,01,วังวน,92110
69,92110,02,กันตัง,92110
69,92110,03,กันตังใต้,92110
69,92110,04,เกาะลิบง,92110
69,92110,05,คลองชีล้อม,92110
69,92110,06,คลองลุ,92110
69,92110,07,ควนธานี,92110
69,92110,08,โคกยาง,92110
69,92110,09,นาเกลือ,92110
69,92110,10,บ่อน้ำร้อน,92110
69,92110,11,บางเป้า,92110
69,92110,12,บางสัก,92110
69,92110,13,บางหมาก,92110
69,92110,14,ย่านซื่อ,92110
69,92120,01,แหลมสอม,92120
69,92120,02,เกาะสุกร,92120
69,92120,03,ท่าข้าม,92120
69,92120,04,ท่าพญา,92120
69,92120,05,ทุ่งยาว,92120
69,92120,06,บางด้วน,92120
69,92120,07,บ้านนา,92120
69,92120,08,ปะเหลียน,92120
69,92120,09,ลิพัง,92120
69,92120,10,สุโสะ,92120
69,92121,01,หาดสำราญ,92120
69,92121,02,ตะเสะ,92120
69,92121,03,บ้าหวี,92120
69,92130,01,ห้วยยอด,92130
69,92130,02,เขากอบ,92130
69,92130,03,เขาขาว,92130
69,92130,04,เขาปูน,92130
69,92130,05,ท่างิ้ว,92130
69,92130,06,ทุ่งต่อ,92130
69,92130,07,นาวง,92130
69,92130,08,ในเตา,92130
69,92130,09,บางกุ้ง,92130
69,92130,10,บางดี,92130
69,92130,11,ปากคม,92130
69,92130,12,ปากแจ่ม,92130
69,92130,13,ลำภูรา,92130
69,92130,14,วังคีรี,92130
69,92130,15,หนองช้างแล่น,92130
69,92130,16,ห้วยนาง,92130
69,92140,01,หนองบ่อ,92140
69,92140,02,เกาะเปียะ,92140
69,92140,03,ทุ่งกระบือ,92140
69,92140,04,ทุ่งค่าย,92140
69,92140,05,นาชุมเห็ด,92140
69,92140,06,ในควน,92140
69,92140,07,โพรงจรเข้,92140
69,92140,08,ย่านตาขาว,92140
69,92150,01,ไม้ฝาด,92150
69,92150,02,กะลาเส,92150
69,92150,03,เขาไม้แก้ว,92150
69,92150,04,นาเมืองเพชร,92150
69,92150,05,บ่อหิน,92150
69,92160,01,หนองปรือ,92160
69,92160,02,เขาไพร,92160
69,92160,03,คลองปาง,92160
69,92160,04,ควนเมา,92160
69,92160,05,หนองบัว,92160
69,92170,01,ละมอ,92170
69,92170,02,โคกสะบ้า,92170
69,92170,03,ช่อง,92170
69,92170,04,นาข้าวเสีย,92170
69,92170,05,นาโยงเหนือ,92170
69,92170,06,นาหมื่นศรี,92170
69,92220,01,อ่าวตง,92220
69,92220,02,เขาวิเศษ,92220
69,92220,03,ท่าสะบ้า,92220
69,92220,04,วังมะปราง,92220
69,92220,05,วังมะปรางเหนือ,92220
70,93000,01,ลำปำ,93000
70,93000,02,เขาเจียก,93000
70,93000,03,ควนมะพร้าว,93000
70,93000,04,คูหาสวรรค์,93000
70,93000,05,โคกชะงาย,93000
70,93000,06,ชัยบุรี,93000
70,93000,07,ตำนาน,93000
70,93000,08,ท่าแค,93000
70,93000,09,ท่ามิหรำ,93000
70,93000,10,นาท่อม,93000
70,93000,11,นาโหนด,93000
70,93000,12,ปรางหมู่,93000
70,93000,13,พญาขัน,93000
70,93000,14,ร่มเมือง,93000
70,93001,01,อ่างทอง,93140
70,93001,02,ชุมพล,93140
70,93001,03,บ้านนา,93140
70,93001,04,ลำสินธุ์,93140
70,93110,01,แหลมโตนด,93130
70,93110,02,ควนขนุน,93130
70,93110,03,ชะมวง,93130
70,93110,04,ดอนทราย,93130
70,93110,05,โตนดด้วน,93130
70,93110,06,ทะเลน้อย,93130
70,93110,07,นาขยาด,93130
70,93110,08,ปันแต,93130
70,93110,09,พนมวังก์,93130
70,93110,10,พนางตุง,93130
70,93110,11,แพรกหา,93130
70,93110,12,มะกอกเหนือ,93130
70,93111,01,ลานข่อย,93110
70,93111,02,เกาะเต่า,93110
70,93111,03,บ้านพร้าว,93110
70,93111,04,ป่าพะยอม,93110
70,93120,01,หารเทา,93120
70,93120,02,เกาะนางคำ,93120
70,93120,03,เกาะหมาก,93120
70,93120,04,ดอนทราย,93120
70,93120,05,ดอนประดู่,93120
70,93120,06,ปากพะยูน,93120
70,93120,07,ฝาละมี,93120
70,93130,01,หานโพธิ์,93130
70,93130,02,เขาชัยสน,93130
70,93130,03,ควนขนุน,93130
70,93130,04,โคกม่วง,93130
70,93130,05,จองถนน,93130
70,93140,01,นาปะขอ,93140
70,93140,02,โคกสัก,93140
70,93140,03,ท่ามะเดื่อ,93140
70,93160,01,แม่ขรี,93160
70,93160,02,คลองใหญ่,93160
70,93160,03,ตะโหมด,93160
70,93170,01,หนองธง,93170
70,93170,02,โคกทราย,93170
70,93170,03,ทุ่งนารี,93170
70,93170,04,ป่าบอน,93170
70,93170,05,วังใหม่,93170
70,93180,01,สมหวัง,93180
70,93180,02,กงหรา,93180
70,93180,03,คลองเฉลิม,93180
70,93180,04,คลองทรายขาว,93180
70,93180,05,ชะรัด,93180
70,93190,01,ตะแพน,93190
70,93190,02,เขาปู่,93190
70,93190,03,เขาย่า,93190
71,94000,01,อาเนาะรู,94000
71,94000,02,กะมิยอ,94000
71,94000,03,คลองมานิง,94000
71,94000,04,จะบังติกอ,94000
71,94000,05,ตะลุโบะ,94000
71,94000,06,ตันหยงลุโละ,94000
71,94000,07,บานา,94000
71,94000,08,บาราโหม,94000
71,94000,09,บาราเฮาะ,94000
71,94000,10,ปะกาฮะรัง,94000
71,94000,11,ปุยุด,94000
71,94000,12,รูสะมิแล,94000
71,94000,13,สะบารัง,94000
71,94110,01,ละหาร,94110
71,94110,02,กะดุนง,94110
71,94110,03,ตะบิ้ง,94110
71,94110,04,ตะลุบัน,94110
71,94110,05,เตราะบอน,94110
71,94110,06,ทุ่งคล้า,94110
71,94110,07,บางเก่า,94110
71,94110,08,บือเระ,94110
71,94110,09,ปะเสยะวอ,94110
71,94110,10,แป้น,94110
71,94110,11,มะนังดาลำ,94110
71,94120,01,มะกรูด,94120
71,94120,02,ควนโนรี,94120
71,94120,03,โคกโพธิ์,94120
71,94120,04,ช้างให้ตก,94120
71,94120,05,ทรายขาว,94120
71,94120,06,ท่าเรือ,94120
71,94120,07,ทุ่งพลา,94120
71,94120,08,นาเกตุ,94120
71,94120,09,นาประดู่,94120
71,94120,10,บางโกระ,94120
71,94120,11,ปากล่อ,94120
71,94120,12,ป่าบอน,94120
71,94130,01,พ่อมิ่ง,94130
71,94130,02,ควน,94130
71,94130,03,คอกกระบือ,94130
71,94130,04,ดอน,94130
71,94130,05,ท่าข้าม,94130
71,94130,06,ท่าน้ำ,94130
71,94130,07,บ้านกลาง,94130
71,94130,08,บ้านนอก,94130
71,94130,09,บ้านน้ำบ่อ,94130
71,94130,10,ปะนาเระ,94130
71,94140,01,สาคอบน,94140
71,94140,02,กระเสาะ,94140
71,94140,03,กระหวะ,94140
71,94140,04,เกาะจัน,94140
71,94140,05,ตรัง,94140
71,94140,06,ถนน,94140
71,94140,07,ปะโด,94140
71,94140,08,ปานัน,94140
71,94140,09,มายอ,94140
71,94140,10,ลางา,94140
71,94140,11,ลุโบะยิไร,94140
71,94140,12,สะกำ,94140
71,94140,13,สาคอใต้,94140
71,94141,01,พิเทน,94140
71,94141,02,ตะโละแมะนา,94140
71,94141,03,น้ำดำ,94140
71,94141,04,ปากู,94140
71,94150,01,แหลมโพธิ์,94150
71,94150,02,จะรัง,94150
71,94150,03,ตอหลัง,94150
71,94150,04,ตะโละ,94150
71,94150,05,ตะโละกาโปร์,94150
71,94150,06,ตันหยงจึงงา,94150
71,94150,07,ตันหยงดาลอ,94150
71,94150,08,ตาแกะ,94150
71,94150,09,ตาลีอายร์,94150
71,94150,10,บางปู,94150
71,94150,11,บาโลย,94150
71,94150,12,ปิยามุมัง,94150
71,94150,13,ปุลากง,94150
71,94150,14,มะนังยง,94150
71,94150,15,ยามู,94150
71,94150,16,ราตาปันยัง,94150
71,94150,17,สาบัน,94150
71,94150,18,หนองแรต,94150
71,94160,01,สะนอ,94160
71,94160,02,กระโด,94160
71,94160,03,กอลำ,94160
71,94160,04,เขาตูม,94160
71,94160,05,คลองใหม่,94160
71,94160,06,ประจัน,94160
71,94160,07,ปิตูมุดี,94160
71,94160,08,เมาะมาวี,94160
71,94160,09,ยะรัง,94160
71,94160,10,ระแว้ง,94160
71,94160,11,วัด,94160
71,94160,12,สะดาวา,94160
71,94170,01,ลิปะสะโง,94170
71,94170,02,เกาะเปาะ,94170
71,94170,03,คอลอตันหยง,94170
71,94170,04,ดอนรัก,94170
71,94170,05,ดาโต๊ะ,94170
71,94170,06,ตุยง,94170
71,94170,07,ท่ากำชำ,94170
71,94170,08,บ่อทอง,94170
71,94170,09,บางเขา,94170
71,94170,10,บางตาวา,94170
71,94170,11,ปุโละปุโย,94170
71,94170,12,ยาบี,94170
71,94180,01,แม่ลาน,94180
71,94180,02,ป่าไร่,94180
71,94180,03,ม่วงเตี้ย,94180
71,94220,01,ไม้แก่น,94220
71,94220,02,ดอนทราย,94220
71,94220,03,ตะโละไกรทอง,94220
71,94220,04,ไทรทอง,94220
71,94230,01,ปล่องหอย,94230
71,94230,02,กะรุบี,94230
71,94230,03,ตะโละดือรามัน,94230
72,95000,01,หน้าถ้ำ,95000
72,95000,02,ตาเซะ,95000
72,95000,03,ท่าสาป,95000
72,95000,04,บันนังสาเรง,95000
72,95000,05,บุดี,95000
72,95000,06,เปาะเส้ง,95000
72,95000,07,พร่อน,95000
72,95000,08,ยะละ,95000
72,95000,09,ยุโป,95000
72,95000,10,ลำพะยา,95000
72,95000,11,ลำใหม่,95000
72,95000,12,ลิดล,95000
72,95000,13,สะเตง,95000
72,95000,14,สะเตงนอก,95000
72,95001,01,ห้วยกระทิง,95000
72,95001,02,กรงปินัง,95000
72,95001,03,ปุโรง,95000
72,95001,04,สะเอะ,95000
72,95110,01,อัยเยอร์เวง,95110
72,95110,02,ตาเนาะแมเราะ,95110
72,95110,03,ธารน้ำทิพย์,95110
72,95110,04,เบตง,95110
72,95110,05,ยะรม,95110
72,95120,01,บาละ,95120
72,95120,02,กาบัง,95120
72,95121,01,ละแอ,95120
72,95121,02,กาตอง,95120
72,95121,03,ตาชี,95120
72,95121,04,บาโงยซิแน,95120
72,95121,05,บาโร๊ะ,95120
72,95121,06,ปะแต,95120
72,95121,07,ยะหา,95120
72,95130,01,บาเจาะ,95130
72,95130,02,เขื่อนบางลาง,95130
72,95130,03,ตลิ่งชัน,95130
72,95130,04,ตาเนาะปูเต๊ะ,95130
72,95130,05,ถ้ำทะลุ,95130
72,95130,06,บันนังสตา,95130
72,95140,01,อาซ่อง,95140
72,95140,02,กอตอตือร๊ะ,95140
72,95140,03,กายูบอเกาะ,95140
72,95140,04,กาลอ,95140
72,95140,05,กาลูปัง,95140
72,95140,06,เกะรอ,95140
72,95140,07,โกตาบารู,95140
72,95140,08,จะกว๊ะ,95140
72,95140,09,ตะโล๊ะหะลอ,95140
72,95140,10,ท่าธง,95140
72,95140,11,เนินงาม,95140
72,95140,12,บาโงย,95140
72,95140,13,บาลอ,95140
72,95140,14,บือมัง,95140
72,95140,15,ยะต๊ะ,95140
72,95140,16,วังพญา,95140
72,95150,01,แม่หวาด,95150
72,95150,02,คีรีเขต,95150
72,95150,03,ธารโต,95150
72,95150,04,บ้านแหร,95150
73,96000,01,ลำภู,96000
73,96000,02,กะลุวอ,96000
73,96000,03,กะลุวอเหนือ,96000
73,96000,04,โคกเคียน,96000
73,96000,05,บางนาค,96000
73,96000,06,บางปอ,96000
73,96000,07,มะนังตายอ,96000
73,96110,01,ศาลาใหม่,96110
73,96110,02,เกาะสะท้อน,96110
73,96110,03,โฆษิต,96110
73,96110,04,เจ๊ะเห,96110
73,96110,05,นานาค,96110
73,96110,06,บางขุนทอง,96110
73,96110,07,พร่อน,96110
73,96110,08,ไพรวัน,96110
73,96120,01,สุไหงโกลก,96120
73,96120,02,ปาเสมัส,96120
73,96120,03,ปูโยะ,96120
73,96120,04,มูโนะ,96120
73,96130,01,มะรือโบตก,96130
73,96130,02,กาลิชา,96130
73,96130,03,เฉลิม,96130
73,96130,04,ตันหยงมัส,96130
73,96130,05,ตันหยงลิมอ,96130
73,96130,06,บองอ,96130
73,96130,07,บาโงสะโต,96130
73,96131,01,มะรือโบออก,96130
73,96131,02,จวบ,96130
73,96131,03,บูกิต,96130
73,96140,01,สุไหงปาดี,96140
73,96140,02,กาวะ,96140
73,96140,03,โต๊ะเด็ง,96140
73,96140,04,ปะลุรู,96140
73,96140,05,ริโก๋,96140
73,96140,06,สากอ,96140
73,96150,01,สุวารี,96150
73,96150,02,โคกสะตอ,96150
73,96150,03,บาตง,96150
73,96150,04,รือเสาะ,96150
73,96150,05,รือเสาะออก,96150
73,96150,06,เรียง,96150
73,96150,07,ลาโละ,96150
73,96150,08,สามัคคี,96150
73,96150,09,สาวอ,96150
73,96160,01,เอราวัณ,96160
73,96160,02,กายูคละ,96160
73,96160,03,ฆอเลาะ,96160
73,96160,04,แม่ดง,96160
73,96160,05,โละจูด,96160
73,96160,06,แว้ง,96160
73,96170,01,ลุโบะสาวอ,96170
73,96170,02,กาเยาะมาตี,96170
73,96170,03,บาเจาะ,96170
73,96170,04,บาเระใต้,96170
73,96170,05,บาเระเหนือ,96170
73,96170,06,ปะลุกาสาเมาะ,96170
73,96180,01,ลุโบะบือซา,96180
73,96180,02,จอเบาะ,96180
73,96180,03,ตะปอเยาะ,96180
73,96180,04,ยี่งอ,96180
73,96180,05,ละหาร,96180
73,96180,06,ลุโบะบายะ,96180
73,96190,01,สุคิริน,96190
73,96190,02,เกียร์,96190
73,96190,03,ภูเขาทอง,96190
73,96190,04,มาโมง,96190
73,96190,05,ร่มไทร,96190
73,96210,01,ศรีสาคร,96210
73,96210,02,กาหลง,96210
73,96210,03,เชิงคีรี,96210
73,96210,04,ซากอ,96210
73,96210,05,ตะมะยูง,96210
73,96210,06,ศรีบรรพต,96210
73,96220,01,ผดุงมาตร,96220
73,96220,02,จะแนะ,96220
73,96220,03,ช้างเผือก,96220
73,96220,04,ดุซงญอ,96220
74,27000,01,หนองบอน,27000
74,27000,02,โคกปี่ฆ้อง,27000
74,27000,03,ท่าเกษม,27000
74,27000,04,ท่าแยก,27000
74,27000,05,บ้านแก้ง,27000
74,27000,06,ศาลาลำดวน,27000
74,27000,07,สระแก้ว,27000
74,27000,08,สระขวัญ,27000
74,27001,01,หนองหว้า,27000
74,27001,02,เขาฉกรรจ์,27000
74,27001,03,เขาสามสิบ,27000
74,27001,04,พระเพลิง,27000
74,27120,01,อรัญประเทศ,27120
74,27120,02,คลองทับจันทร์,27120
74,27120,03,คลองน้ำใส,27120
74,27120,04,ทับพริก,27120
74,27120,05,ท่าข้าม,27120
74,27120,06,บ้านด่าน,27120
74,27120,07,บ้านใหม่หนองไทร,27120
74,27120,08,ป่าไร่,27120
74,27120,09,ผ่านศึก,27120
74,27120,10,ฟากห้วย,27120
74,27120,11,เมืองไผ่,27120
74,27120,12,หนองสังข์,27120
74,27120,13,หันทราย,27120
74,27121,01,หนองแวง,27120
74,27121,02,โคกสูง,27120
74,27121,03,โนนหมากมุ่น,27120
74,27121,04,หนองม่วง,27120
74,27160,01,ห้วยโจด,27160
74,27160,02,ช่องกุ่ม,27160
74,27160,03,แซร์ออ,27160
74,27160,04,ท่าเกวียน,27160
74,27160,05,โนนหมากเค็ง,27160
74,27160,06,ผักขะ,27160
74,27160,07,วัฒนานคร,27160
74,27160,08,หนองตะเคียนบอน,27160
74,27160,09,หนองน้ำใส,27160
74,27160,10,หนองแวง,27160
74,27160,11,หนองหมากฝ้าย,27160
74,27180,01,ทัพเสด็จ,27180
74,27180,02,โคคลาน,27180
74,27180,03,ตาพระยา,27180
74,27180,04,ทัพไทย,27180
74,27180,05,ทัพราช,27180
74,27210,01,วังน้ำเย็น,27210
74,27210,02,คลองหินปูน,27210
74,27210,03,ตาหลังใน,27210
74,27210,04,ทุ่งมหาเจริญ,27210
74,27250,01,วังใหม่,27250
74,27250,02,วังทอง,27250
74,27250,03,วังสมบูรณ์,27250
74,27250,98,วังใหม่.,72710
74,27260,01,เบญจขร,27260
74,27260,02,คลองไก่เถื่อน,27260
74,27260,03,คลองหาด,27260
74,27260,04,ซับมะกรูด,27260
74,27260,05,ไทยอุดม,27260
74,27260,06,ไทรเดี่ยว,27260
74,27260,07,ไทรทอง,27260
75,37000,01,เหล่าพรวน,37000
75,37000,02,กุดปลาดุก,37000
75,37000,03,ไก่คำ,37000
75,37000,04,คึมใหญ่,37000
75,37000,05,ดอนเมย,37000
75,37000,06,นาจิก,37000
75,37000,07,นาแต้,37000
75,37000,08,นาผือ,37000
75,37000,09,นายม,37000
75,37000,10,นาวัง,37000
75,37000,11,นาหมอม้า,37000
75,37000,12,น้ำปลีก,37000
75,37000,13,โนนโพธิ์,37000
75,37000,14,โนนหนามแท่ง,37000
75,37000,15,บุ่ง,37000
75,37000,16,ปลาค้าว,37000
75,37000,17,สร้างนกทา,37000
75,37000,18,หนองมะแซว,37000
75,37000,19,ห้วยไร่,37000
75,37001,01,อำนาจ,37210
75,37001,02,โคกกลาง,37210
75,37001,03,ดงบัง,37210
75,37001,04,ดงมะยาง,37210
75,37001,05,เปือย,37210
75,37001,06,แมด,37210
75,37001,07,ไร่ขี,37210
75,37110,01,ห้วย,37110
75,37110,02,คำโพน,37110
75,37110,03,นาป่าแซง,37110
75,37110,04,นาหว้า,37110
75,37110,05,โนนงาม,37110
75,37110,06,ลือ,37110
75,37110,07,หนองข่า,37110
75,37180,01,ไม้กลอน,37180
75,37180,02,จานลาน,37180
75,37180,03,พนา,37180
75,37180,04,พระเหลา,37180
75,37210,01,ป่าก่อ,37210
75,37210,02,คำเขื่อนแก้ว,37210
75,37210,03,โคกก่ง,37210
75,37210,04,โคกสาร,37210
75,37210,05,ชานุมาน,37210
75,37240,01,หัวตะพาน,37240
75,37240,02,คำพระ,37240
75,37240,03,เค็งใหญ่,37240
75,37240,04,จิกดู่,37240
75,37240,05,โพนเมืองน้อย,37240
75,37240,06,รัตนวารี,37240
75,37240,07,สร้างถ่อน้อย,37240
75,37240,08,หนองแก้ว,37240
75,37290,01,หนองไฮ,37290
75,37290,02,นาเวียง,37290
75,37290,03,โพนทอง,37290
75,37290,04,ไร่สีสุก,37290
75,37290,05,เสนางคนิคม,37290
75,37290,06,หนองสามสี,37290
76,39000,01,หัวนา,39000
76,39000,02,กุดจิก,39000
76,39000,03,นาคำไฮ,39000
76,39000,04,นามะเฟือง,39000
76,39000,05,โนนขมิ้น,39000
76,39000,06,โนนทัน,39000
76,39000,07,บ้านขาม,39000
76,39000,08,บ้านพร้าว,39000
76,39000,09,ป่าไม้งาม,39000
76,39000,10,โพธิ์ชัย,39000
76,39000,11,ลำภู,39000
76,39000,12,หนองบัว,39000
76,39000,13,หนองภัยศูนย์,39000
76,39000,14,หนองสวรรค์,39000
76,39000,15,หนองหว้า,39000
76,39140,01,หนองเรือ,39140
76,39140,02,กุดดู่,39140
76,39140,03,โคกม่วง,39140
76,39140,04,โคกใหญ่,39140
76,39140,05,นิคมพัฒนา,39140
76,39140,06,โนนเมือง,39140
76,39140,07,โนนสัง,39140
76,39140,08,บ้านค้อ,39140
76,39140,09,บ้านถิ่น,39140
76,39140,10,ปางกู่,39140
76,39170,01,อุทัยสวรรค์,39170
76,39170,02,กุดดินจี่,39170
76,39170,03,กุดแห่,39170
76,39170,04,เก่ากลอย,39170
76,39170,05,ดงสวรรค์,39170
76,39170,06,ด่านช้าง,39170
76,39170,07,นากลาง,39170
76,39170,08,โนนเมือง,39170
76,39170,09,ฝั่งแดง,39170
76,39171,01,วังปลาป้อม,39170
76,39171,02,เทพคีรี,39170
76,39171,03,นาแก,39170
76,39171,04,นาเหล่า,39170
76,39171,05,วังทอง,39170
76,39180,01,หันนางาม,39180
76,39180,02,กุดสะเทียน,39180
76,39180,03,ทรายทอง,39180
76,39180,04,นากอก,39180
76,39180,05,โนนม่วง,39180
76,39180,06,โนนสะอาด,39180
76,39180,07,เมืองใหม่,39180
76,39180,08,ยางหล่อ,39180
76,39180,09,ศรีบุญเรือง,39180
76,39180,10,หนองกุงแก้ว,39180
76,39180,11,หนองแก,39180
76,39180,12,หนองบัวใต้,39180
76,39270,01,สุวรรณคูหา,39270
76,39270,02,กุดผึ้ง,39270
76,39270,03,ดงมะไฟ,39270
76,39270,04,นาด่าน,39270
76,39270,05,นาดี,39270
76,39270,06,นาสี,39270
76,39270,07,บ้านโคก,39270
76,39270,08,บุญทัน,39270
77,38210,01,ศรีวิไล,38210
77,38210,02,ชุมภูพร,38210
77,38210,03,นาสะแบง,38210
77,38210,04,นาสิงห์,38210
77,38210,05,นาแสง,38210
77,43140,01,หอคำ,38000
77,43140,02,คำนาดี,38000
77,43140,03,โคกก่อง,38000
77,43140,04,ไคสี,38000
77,43140,05,ชัยพร,38000
77,43140,06,นาสวรรค์,38000
77,43140,07,โนนสมบูรณ์,38000
77,43140,08,บึงกาฬ,38000
77,43140,09,โป่งเปือย,38000
77,43140,10,วิศิษฐ์,38000
77,43140,11,หนองเข็ง,38000
77,43140,12,หนองเลิง,38000
77,43141,01,หนองเดิ่น,38000
77,43141,02,โคกกว้าง,38000
77,43141,03,บุ่งคล้า,38000
77,43150,01,หนองทุ่ม,38150
77,43150,02,ซาง,38150
77,43150,03,เซกา,38150
77,43150,04,ท่ากกแดง,38150
77,43150,05,ท่าสะอาด,38150
77,43150,06,น้ำจั้น,38150
77,43150,07,บ้านต้อง,38150
77,43150,08,ป่งไฮ,38150
77,43150,09,โสกก่าม,38150
77,43170,01,เหล่าทอง,38170
77,43170,02,คำแก้ว,38170
77,43170,03,โซ่,38170
77,43170,04,ถ้ำเจริญ,38170
77,43170,05,บัวตูม,38170
77,43170,06,ศรีชมภู,38170
77,43170,07,หนองพันทา,38170
77,43180,01,หนองหัวช้าง,38180
77,43180,02,ดอนหญ้านาง,38180
77,43180,03,ป่าแฝก,38180
77,43180,04,พรเจริญ,38180
77,43180,05,วังชมภู,38180
77,43180,06,ศรีชมภู,38180
77,43180,07,ศรีสำราญ,38180
77,43190,11,หนองยอง,38190
77,43190,12,นากั้ง,38190
77,43190,12012,ตำบลใหม่,99999
77,43190,13,นาดง,38190
77,43190,14,โนนศิลา,38190
77,43190,15,ปากคาด,38190
77,43190,16,สมสนุก,38190
77,43210,06,โพธิ์หมากแข้ง,38220
77,43210,07,ดงบัง,38220
77,43210,08,ท่าดอกคำ,38220
77,43210,09,บึงโขงหลง,38220
99,99,99,SENIOR  COM,00000
